ra,date,year,title,new_barangay,munis,provinces,match,census_2020_name,closest,score
9431,2007-04-10,2007,"An Act Creating a Barangay to Be Known as Barangay Fortune in the City of Marikina, Metro Manila",Fortune,1380700000,Metro Manila,found,Fortune,Fortune,1.0
9432,2007-04-10,2007,"An Act Creating a Barangay to Be Known as Barangay Tumana in the City of Marikina, Metro Manila",Tumana,1380700000,Metro Manila,found,Tumana,Tumana,1.0
9457,2007-05-15,2007,"An Act Creating a Barangay to Be Known as Barangay San Carlos in the Municipality of Binangonan, Province of Rizal",San Carlos,0405804000,Rizal,found,San Carlos,San Carlos,1.0
9905,2010-01-07,2010,An Act Creating a Barangay to Be Known as Barangay Banawa-English in the City of Cebu,Banawa-English,0730600000,Cebu,no_town,,,0.0
10936,2017-08-23,2017,"An Act Creating a Barangay to Be Known as Barangay Comawas in the City of Bislig, Province of Surigao Del Sur",Comawas,1606803000,Surigao del Sur,found,Comawas,Comawas,1.0
10956,2017-10-30,2017,"An Act Creating a Barangay to Be Known as Barangay Care in the City of Tarlac, Province of Tarlac",Care,0306916000,Tarlac,found,Care,Care,1.0
10957,2017-10-30,2017,"An Act Creating a Barangay to Be Known as Barangay Liwon in the Municipality of Asipulo, Province of Ifugao",Liwon,1402711000,Ifugao,not_found,,Liwon 1,0.83
10959,2017-11-08,2017,"An Act Creating a Barangay to Be Known as Barangay Cristo Rey in the Municipality of Capas, Province of Tarlac",Cristo Rey,0306904000,Tarlac,found,Cristo Rey,Cristo Rey,1.0
10960,2017-11-08,2017,"An Act Creating a Barangay to Be Known as Barangay San Isidro in the Municipality of Titay, Province of Zamboanga Sibugay",San Isidro,0908315000,Zamboanga Sibugay,found,San Isidro,San Isidro,1.0
10961,2017-11-08,2017,An Act Creating a Barangay to Be Known as Barangay Rizal in the City of Makati,Rizal,1380300000,Metro Manila,found,Rizal,Rizal,1.0
10967,2018-01-03,2018,"An Act Creating a Barangay to Be Known as Barangay Pudo in the Municipality of Natonin, Mountain Province",Pudo,1404405000,Mountain Province,found,Pudo,Pudo,1.0
10971,2018-02-07,2018,"An Act Creating a Barangay to Be Known as Barangay Poblacion 3 in the Municipality of Villanueva, Province of Misamis Oriental",Poblacion 3,1004326000,Misamis Oriental,found,Poblacion 3,Poblacion 3,1.0
11030,2018-05-25,2018,"An Act Creating Barangay Upper Pugaan in the Municipality of Ditsaan-Ramain, Province of Lanao Del Sur",Upper Pugaan,1903624000,Lanao del Sur,found,Upper Pugaan,Upper Pugaan,1.0
11112,2018-10-30,2018,"An Act Creating a Barangay to Be Known as Barangay Poblacion 2 in the Municipality of Villanueva, Province of Misamis Oriental",Poblacion 2,1004326000,Misamis Oriental,found,Poblacion 2,Poblacion 2,1.0
11191,2019-01-10,2019,"An Act Creating a Barangay to Be Known as Barangay Don Albino T. Taruc in the Municipality of Socorro, Province of Surigao del Norte",Don Albino T. Taruc,1606723000,Surigao del Norte,not_found,,Albino Taruc,0.8
11275,2019-04-12,2019,"An Act Creating a Barangay to Be Known as Barangay Timbabauan in the Municipality of Tungawan, Province of Zamboanga Sibugay",Timbabauan,0908316000,Zamboanga Sibugay,found,Timbabauan,Timbabauan,1.0
11294,2019-04-17,2019,"An Act Creating a Barangay to Be Known as Barangay Masao in the Municipality of Tungawan, Province of Zamboanga Sibugay",Masao,0908316000,Zamboanga Sibugay,found,Masao,Masao,1.0
11328,2019-04-17,2019,"An Act Separating the Sitios of Guina-Ang, Madopdop, Mallango, Lanlana and San Pablo from Barangay Lacnog, City of Tabuk, Province of Kalinga and Constituting Them into a Separate and Independent Barangay to Be Known as Barangay Lacnog West",Lacnog West,1403213000,Kalinga,found,Lacnog West 1,Lacnog West 1,0.92
11343,2019-04-27,2019,"An Act Creating a Barangay to Be Known as Barangay Ipil in the City of Tabuk, Province of Kalinga",Ipil,1403213000,Kalinga,found,Ipil,Ipil,1.0
11344,2019-04-27,2019,"An Act Creating a Barangay to Be Known as Barangay Bulanao Norte in the City of Tabuk, Province of Kalinga",Bulanao Norte,1403213000,Kalinga,found,Bulanao Norte,Bulanao Norte,1.0
11345,2019-04-27,2019,"An Act Creating a Barangay to Be Known as Barangay Sta. Maria in the Municipality of Abra de Ilog, Province of Occidental Mindoro",Sta. Maria,1705101000,Occidental Mindoro,found,Santa Maria,Santa Maria,1.0
11402,2019-08-22,2019,"An Act Separating the Sitio of Ascomo from Barangay Pulungmasle in the Municipality of Guagua, Province of Pampanga and Constituting It into a Distinct and Independent Barangay to Be Known as Barangay Asconio",Asconio,0305407000,Pampanga,not_found,,Ascomo,0.77
11403,2019-08-22,2019,"An Act Creating a Barangay to Be Known as Barangay 201, Zone 20 in the City of Pasay, Metropolitan Manila",Barangay 201,1381100000,Metro Manila,found,Barangay 201,Barangay 201,1.0
11404,2019-08-22,2019,"An Act Creating a Barangay in the Municipality of Limay, Province of Bataan to be Known as Barangay St. Francis II",St. Francis II,0300806000,Bataan,found,St. Francis II,St. Francis II,1.0
11405,2019-08-22,2019,"An Act Creating a Barangay in the City of Dasmariñas, Province of Cavite to be Known as Barangay Sampaloc V (New Era)",Sampaloc V (New Era),0402106000,Cavite,not_found,,Sampaloc V,0.71
11450,2019-08-28,2019,"An Act Creating a Barangay in the City of Dasmariñas, Province of Cavite to Be Known as Barangay Victoria Reyes",Victoria Reyes,0402106000,Cavite,not_found,,Luzviminda I,0.38
11471,2020-06-19,2020,"An Act Creating a Barangay to Be Known as Barangay H-2 in the City of Dasmarinas, Province of Cavite",H-2,0402106000,Cavite,not_found,,Santa Maria (Barangay 20),0.24
11599,2021-12-10,2021,"An Act Separating the Sitio of Ladol from Barangay Poblacion in the Municipality of Alabel, Province of Sarangani and Constituting It into a Distinct and Independent Barangay to Be Known as Barangay Ladol",Ladol,1208001000,Sarangani,found,Ladol,Ladol,1.0
11671,2022-04-01,2022,"An Act Creating a Barangay to Be Known as Barangay La Medalla in the Municipality of Pioduran, Province of Albay",La Medalla,0500513000,Albay,found,La Medalla,La Medalla,1.0
11848,2022-06-18,2022,"An Act Separating the Sitio of Lower Dado from Barangay Dado in the Municipality of Alamada, Province of North Cotabato and Constituting It into a Distinct and Independent Barangay to Be Known as Barangay Lower Dado",Lower Dado,1204701000,Cotabato,found,Lower Dado,Lower Dado,1.0
11896,2022-07-01,2022,"An Act Dividing Barangay Muzon in the City of San Jose Del Monte, Province of Bulacan into Four (4) Separate and Independent Barangays to be Known as Barangay Muzon Proper, Barangay Muzon East, Barangay Muzon West and Barangay Muzon South",Muzon Proper,0301420000,Bulacan,not_found,,Minuyan Proper,0.77
11902,2022-07-28,2022,"An Act Creating Barangays Acmac-Mariano Badelles Sr., San Roque, Luinab Upper Hinaplanon,and Ubaldo Laya, All in the City of Iligan",,1030900000,Lanao del Norte,no_town,,,0.0
11903,2022-07-28,2022,"An Act Creating a Barangay in the Municipality of San Luis, Province of Agusan Del Sur, to Be Known as ""Barangay Doña Maxima""",in the Municipality of San Luis,1600309000,Agusan del Sur,not_found,,Binicalan,0.4
11905,2022-07-29,2022,"An Act Separating the Sitio of Batucan from Barangay del Monte in the Municipality of Talacogon, Province of Agusan del Sur, and Constituting It into a Distinct and Independent Barangay to Be Known as Barangay Batucan",Batucan,1600311000,Agusan del Sur,found,Batucan,Batucan,1.0
11906,2022-07-29,2022,"An Act Separating the Sitio of Crossing from Barangay Poblacion in the Municipality of Kitcharao, Province of Agusan del Norte, and Constituting It into a Distinct and Independent Barangay to Be Known as Barangay Crossing",Crossing,1600206000,Agusan del Norte,found,Crossing,Crossing,1.0
11919,2022-07-30,2022,"An Act Separating Sitio of Panacan-2 from Barangay Panacan in the Municipality of Narra, Province of Palawan and Constituting It into a Separate and Independent Barangay to Be Known as Barangay Panacan 2",Panacan 2,1705315000,Palawan,found,Panacan 2,Panacan 2,1.0
11920,2022-07-30,2022,"An Act Separating the Sitio of Pangaylan-Ip from Barangay Poblacion I in the Municipality of Santiago, Province of Agusan del Norte, and Constituting It into an Distinct and Independent Barangay to Be Known as Barangay Pangaylan-Ip",Pangaylan-Ip,1600210000,Agusan del Norte,found,Pangaylan-IP,Pangaylan-IP,1.0
11921,2022-07-30,2022,"An Act Separating the Sitio of Songkoy from Barangay Poblacion in the Municipality of Kitcharao, Province of Agusan del Norte, and Constituting It into a Distinct and Independent Barangay to Be Known as Barangay Songkoy",Songkoy,1600206000,Agusan del Norte,not_found,,Songkoy 1,0.88
11922,2022-07-30,2022,"An Act Separating the Sitio of Tagukon from Barangay Camingawan in the City of Kabankalan, Province of Negros Occidental, and Constituting It into a Distinct and Independent Barangay to Be Known as Barangay Tagukon",Tagukon,1804515000,Negros Occidental,found,Tagukon,Tagukon,1.0
11923,2022-07-30,2022,"An Act Separating the Sitio of Tulalian from Barangay Balagunan in the Municipality of Santo Tomas, Province of Davao del Norte, and Constituting It into a Distinct and Independent Barangay to Be Known as Barangay Tulalian",Tulalian,1102318000,Davao del Norte,found,Tulalian,Tulalian,1.0
11924,2022-07-30,2022,"An Act Creating a New Barangay in the Municipality of M'lang, Province of Cotabato to Be Known as Barangay Poblacion B",Poblacion B,1204710000,Cotabato,found,Poblacion B,Poblacion B,1.0
11925,2022-07-30,2022,"An Act Separating the Sitios of Naibuan, Lagnas, Ibanag, Hobkob, Abong, Malumak, Kianay, Libertad, Lowaliw, Ilya, Yabat, Salidang, Upper Kaywan, Dayaga, and Timbangan from Barangay Batasan in the Municipality of San Jose, Province of Occidental Mindoro to Constitute a Distinct and Independent Barangay to Be Known as Barangay Naibuan",Naibuan,1705110000,Occidental Mindoro,not_found,,Naibuan 1,0.88
11986,2024-03-21,2024,"An Act Creating a Barangay in the Municipality of Barobo, Province of Surigao del Sur to Be Known as Barangay Guinhalinan",Guinhalinan,1606801000,Surigao del Sur,not_found,,Dughan,0.47
11993,2024-04-03,2024,"An Act Dividing Barangay 176 Also Known as Barangay Bagong Silang in the City of Caloocan into Six (6) Separate and Independent Barangays to Be Known as Barangay 176-a, Barangay 176-B, Barangay 176-C, Barangay 176-D, Barangay 176-E, and Barangay 176-F",Bagong Silang,1380100000,Metro Manila,not_found,,,0.0
12279,2025-09-07,2025,"An Act Creating a Barangay in the Municipality of Norzagaray, Province of Bulacan to Be Known as Barangay Friendship Village Resources or Barangay Fvr",Friendship Village Resources or Barangay Fvr,0301413000,Bulacan,found,Friendship Village Resources (FVR),Friendship Village Resources (FVR),0.96
12280,2025-09-07,2025,"An Act Creating a Barangay in the City of San Fernando, Province of Pampanga, to Be Known as Barangay Pulung Bulu",Pulung Bulu,0305416000,Pampanga,found,Pulung Bulu,Pulung Bulu,1.0
