ra,congress,house_bill,linked_by
6675,8,10900,act text
6716,8,3282,act text
6849,8,3452,act text
6904,8,78,act text
7172,8,33838,act text
7181,8,34766,act text
7192,8,22466,act text
7230,8,21525,act text
7277,8,35091,act text
7278,8,34855,act text
7279,8,34310,act text
7306,8,33335,act text
7307,8,35045,act text
7308,8,28002,act text
7322,8,34814,act text
7325,8,35098,act text
7353,8,28736,act text
7354,8,4200,act text
7355,8,1947,act text
7356,8,35379,act text
7359,8,34388,act text
7368,8,22353,act text
7369,8,34254,act text
7392,8,35372,act text
7393,8,33331,act text
7398,8,35146,act text
7400,8,7640,act text
7430,8,31034,act text
7431,8,34221,act text
7432,8,35335,act text
7439,8,30788,act text
7471,8,4251,act text
7549,8,22232,act text
7581,8,32696,act text
7586,8,34696,act text
7600,8,34369,act text
7607,8,32899,act text
7624,8,31366,act text
7625,8,30472,act text
7722,9,12200,act text
7876,9,12317,act text
7877,9,9425,act text
7880,9,13063,act text
7881,9,918,act text
7884,9,12821,act text
7885,9,13361,act text
7888,9,12718,act text
7889,9,13382,act text
7898,9,13574,act text
7899,9,12384,act text
7900,9,9288,act text
7901,9,10643,act text
7904,9,14367,act text
7905,9,13785,act text
7906,9,12783,act text
7916,9,14295,act text
7917,9,14604,act text
7918,9,14302,act text
7920,9,11063,act text
7923,9,11899,act text
7932,9,1432,act text
7942,9,10816,act text
7960,9,207,act text
8041,9,14471,act text
8042,9,14314,act text
8043,9,10363,act text
8044,9,11614,act text
8045,9,14601,act text
8047,9,12614,act text
8048,9,13527,act text
8175,9,5201,act text
8176,9,5585,act text
8178,10,1450,act text
8179,10,5029,act text
8249,10,5323,act text
8291,10,8561,act text
8548,10,1449,act text
8562,10,7196,act text
8628,10,1809,act text
8650,11,1365,act text
8655,11,340,act text
8659,11,774,act text
8688,11,1325,act text
8791,11,6814,act text
8963,11,6582,act text
8977,11,2172,act text
8983,11,8191,act text
8985,11,8885,act text
8988,11,8883,act text
8990,11,6766,act text
8991,11,518,act text
9005,11,10660,act text
9008,11,8192,act text
9010,11,12237,act text
9012,11,12914,act text
9014,11,8882,act text
9016,11,11969,act text
9017,11,8382,act text
9018,11,7260,act text
9020,11,9794,act text
9021,11,10659,act text
9022,11,9884,act text
9024,11,10661,act text
9025,11,8872,act text
9026,11,8880,act text
9027,11,8881,act text
9028,11,9885,act text
9030,11,9885,act text
9051,11,8772,act text
9055,11,1548,act text
9068,11,7271,act text
9072,11,7275,act text
9106,11,8914,act text
9118,11,6790,act text
9120,11,12238,act text
9125,11,12809,act text
9136,11,8457,act text
9138,11,12358,act text
9140,11,12961,act text
9141,11,9873,act text
9146,11,9886,act text
9147,11,10622,act text
9151,11,12880,act text
9154,11,12880,act text
9156,11,3273,act text
9158,11,12657,act text
9159,11,1134,act text
9160,12,3083,act text
9161,12,1949,act text
9163,12,3593,act text
9164,12,4456,act text
9166,12,4579,act text
9167,12,4644,act text
9168,12,4518,act text
9174,12,4534,act text
9175,12,3994,act text
9176,12,4628,act text
9177,12,4373,act text
9178,12,4871,act text
9182,12,4403,act text
9184,12,4809,act text
9188,12,3539,act text
9189,12,3570,act text
9190,12,49,act text
9191,12,542,act text
9194,12,5655,act text
9200,12,4738,act text
9201,12,4526,act text
9207,12,5121,act text
9208,12,4432,act text
9211,12,5960,act text
9217,12,4472,act text
9224,12,5719,act text
9225,12,4720,act text
9230,12,4828,act text
9231,12,4235,act text
9236,12,5569,act text
9237,12,5772,act text
9238,12,5231,act text
9239,12,5225,act text
9241,12,5547,act text
9242,12,5977,act text
9244,12,6423,act text
9245,12,4438,act text
9246,12,5351,act text
9255,12,4437,act text
9256,12,6240,act text
9257,12,5987,act text
9258,12,5253,act text
9262,12,5516,act text
9263,12,6557,act text
9266,12,5389,act text
9267,12,4453,act text
9268,12,6002,act text
9271,12,6116,act text
9275,12,5398,act text
9279,12,6654,act text
9280,12,5957,act text
9281,12,5817,act text
9282,12,6673,act text
9285,12,5654,act text
9286,12,4861,act text
9287,12,6575,act text
9288,12,6625,act text
9289,12,6390,act text
9290,12,5566,act text
9291,12,5957,act text
9292,12,5224,act text
9293,12,5411,act text
9294,12,5246,act text
9295,12,5563,act text
9296,12,6587,act text
9297,12,46,act text
9298,12,6678,act text
9301,12,5770,act text
9302,12,6003,act text
9304,12,6167,act text
9322,12,6073,act text
9333,13,2808,bill history
9334,13,3174,bill history
9335,13,2996,bill history
9336,13,3154,bill history
9337,13,3555,bill history
9338,13,2659,bill history
9339,13,3696,bill history
9340,13,3742,bill history
9341,13,3356,bill history
9342,13,3524,bill history
9343,13,4066,bill history
9344,13,5065,bill history
9345,13,3872,bill history
9346,13,4826,bill history
9347,13,5015,bill history
9348,13,3927,bill history
9349,13,3932,bill history
9350,13,3935,bill history
9351,13,3936,bill history
9352,13,3938,bill history
9353,13,4899,bill history
9354,13,2478,bill history
9355,13,884,bill history
9356,13,4937,bill history
9357,13,4192,bill history
9358,13,5668,bill history
9359,13,5679,bill history
9360,13,1299,bill history
9361,13,5742,bill history
9362,13,4845,bill history
9363,13,643,bill history
9364,13,4078,bill history
9365,13,224,bill history
9366,13,1829,bill history
9367,13,4629,bill history
9368,13,4487,bill history
9369,13,5352,bill history
9370,13,4430,bill history
9371,13,5859,bill history
9372,13,4839,bill history
9373,13,5305,bill history
9374,13,5126,bill history
9375,13,5071,bill history
9376,13,4976,bill history
9377,13,3043,bill history
9378,13,213,bill history
9379,13,4067,bill history
9380,13,4561,bill history
9381,13,5401,bill history
9382,13,692,bill history
9383,13,3293,bill history
9384,13,4429,bill history
9385,13,5512,bill history
9386,13,5513,bill history
9387,13,5500,bill history
9388,13,5828,bill history
9389,13,5973,bill history
9390,13,5997,bill history
9391,13,5998,bill history
9392,13,5999,bill history
9393,13,6001,bill history
9394,13,5990,bill history
9395,13,5977,bill history
9396,13,4451,bill history
9397,13,3834,bill history
9398,13,5930,bill history
9399,13,4900,bill history
9400,13,5064,bill history
9402,13,5953,bill history
9403,13,5336,bill history
9404,13,6005,bill history
9405,13,5991,bill history
9406,13,5921,bill history
9407,13,6004,bill history
9408,13,6023,bill history
9409,13,6024,bill history
9410,13,3362,bill history
9411,13,4560,bill history
9412,13,4565,bill history
9413,13,4571,bill history
9414,13,4573,bill history
9416,13,4435,bill history
9417,13,5956,bill history
9418,13,4065,bill history
9419,13,1352,bill history
9420,13,1395,bill history
9421,13,4190,bill history
9422,13,5498,bill history
9423,13,4393,bill history
9424,13,5934,bill history
9425,13,188,bill history
9426,13,4564,bill history
9427,13,4569,bill history
9428,13,4574,bill history
9429,13,4572,bill history
9430,13,4575,bill history
9431,13,6029,bill history
9432,13,6028,bill history
9433,13,4536,bill history
9434,13,5992,bill history
9435,13,6003,bill history
9436,13,6002,bill history
9437,13,5330,bill history
9438,13,5660,bill history
9439,13,68,bill history
9440,13,5849,bill history
9441,13,5850,bill history
9442,13,1214,bill history
9443,13,4993,bill history
9444,13,591,bill history
9445,13,574,bill history
9446,13,2072,bill history
9447,13,5657,bill history
9448,13,1308,bill history
9449,13,5116,bill history
9450,13,5117,bill history
9451,13,5217,bill history
9452,13,5138,bill history
9453,13,3730,bill history
9454,13,5434,bill history
9456,13,4910,bill history
9457,13,5884,bill history
9458,13,786,bill history
9459,13,5841,bill history
9460,13,5852,bill history
9461,13,1243,bill history
9462,13,2753,bill history
9463,13,4085,bill history
9464,13,642,bill history
9465,13,1605,bill history
9466,13,1667,bill history
9467,13,4458,bill history
9468,13,5891,bill history
9469,13,5339,bill history
9470,13,5792,bill history
9471,13,5840,bill history
9472,13,5332,bill history
9473,13,5151,bill history
9474,13,6073,bill history
9475,13,5340,bill history
9476,13,189,bill history
9477,13,4457,bill history
9478,13,4220,bill history
9479,13,5373,bill history
9480,13,2933,bill history
9481,13,1351,bill history
9482,13,4654,bill history
9483,13,4363,bill history
9484,13,4848,bill history
9485,13,3776,bill history
9486,13,4862,bill history
9487,13,3409,bill history
9488,13,4084,bill history
9489,13,2454,bill history
9490,13,5309,bill history
9491,13,6041,bill history
9493,13,3745,bill history
9494,13,5838,bill history
9495,13,5970,bill history
9496,14,2976,bill history
9497,14,3156,bill history
9498,14,2454,bill history
9499,14,3323,bill history
9500,14,2845,bill history
9501,14,1754,bill history
9502,14,2844,bill history
9503,14,1890,act text
9504,14,3971,act text
9505,14,3754,bill history
9507,14,4220,bill history
9508,14,3224,bill history
9509,14,4349,act text
9510,14,4260,bill history
9511,14,4358,bill history
9512,14,4381,bill history
9513,14,4193,bill history
9514,14,4115,bill history
9515,14,4120,bill history
9516,14,3242,bill history
9517,14,3788,bill history
9518,14,3789,bill history
9519,14,4407,bill history
9520,14,4312,bill history
9521,14,4213,bill history
9522,14,3216,bill history
9523,14,10,bill history
9524,14,5116,bill history
9525,14,5715,bill history
9526,14,3715,bill history
9527,14,3716,bill history
9528,14,3748,bill history
9529,14,3354,bill history
9530,14,4348,bill history
9531,14,3913,bill history
9532,14,3904,bill history
9533,14,3891,bill history
9534,14,3898,bill history
9535,14,3353,bill history
9536,14,3357,bill history
9537,14,3888,bill history
9538,14,3832,bill history
9539,14,3887,bill history
9540,14,3349,bill history
9541,14,3911,bill history
9542,14,3910,bill history
9543,14,3908,bill history
9544,14,3900,bill history
9545,14,3914,bill history
9546,14,4282,bill history
9547,14,5388,bill history
9548,14,223,bill history
9549,14,1528,bill history
9550,14,3334,bill history
9551,14,3348,bill history
9552,14,3359,bill history
9553,14,3830,bill history
9554,14,3833,bill history
9555,14,3899,bill history
9556,14,3906,bill history
9557,14,3907,bill history
9558,14,3912,bill history
9559,14,3915,bill history
9560,14,4083,bill history
9561,14,4155,bill history
9562,14,4223,bill history
9563,14,4224,bill history
9564,14,4280,bill history
9565,14,4281,bill history
9566,14,4284,bill history
9567,14,4286,bill history
9568,14,4290,bill history
9569,14,4292,bill history
9570,14,4293,bill history
9571,14,4296,bill history
9572,14,4297,bill history
9573,14,4343,bill history
9574,14,4346,bill history
9575,14,4347,bill history
9576,14,5911,bill history
9577,14,1059,bill history
9578,14,3327,bill history
9579,14,3328,bill history
9580,14,3829,bill history
9581,14,3331,bill history
9582,14,3335,bill history
9583,14,3336,bill history
9584,14,3337,bill history
9585,14,3341,bill history
9586,14,3346,bill history
9587,14,3347,bill history
9588,14,3351,bill history
9589,14,3352,bill history
9590,14,3356,bill history
9591,14,3693,bill history
9592,14,6000,bill history
9593,14,5229,bill history
9594,14,3332,bill history
9595,14,3831,bill history
9596,14,3834,bill history
9597,14,3889,bill history
9598,14,3890,bill history
9599,14,3892,bill history
9600,14,3893,bill history
9601,14,3894,bill history
9602,14,3895,bill history
9603,14,3896,bill history
9604,14,3897,bill history
9605,14,3901,bill history
9606,14,3902,bill history
9607,14,3903,bill history
9608,14,3905,bill history
9609,14,3916,bill history
9610,14,4027,bill history
9611,14,4037,bill history
9612,14,4084,bill history
9613,14,4208,bill history
9614,14,4209,bill history
9615,14,4210,bill history
9616,14,4211,bill history
9617,14,4212,bill history
9618,14,4221,bill history
9619,14,4222,bill history
9620,14,4228,bill history
9621,14,4229,bill history
9622,14,4230,bill history
9623,14,4283,bill history
9624,14,4285,bill history
9625,14,4287,bill history
9626,14,4288,bill history
9627,14,4289,bill history
9628,14,4294,bill history
9629,14,4295,bill history
9630,14,4335,bill history
9631,14,4336,bill history
9632,14,4337,bill history
9633,14,4338,bill history
9634,14,4339,bill history
9635,14,4340,bill history
9636,14,4341,bill history
9637,14,4342,bill history
9638,14,4344,bill history
9639,14,4345,bill history
9640,14,5624,bill history
9641,14,3561,bill history
9642,14,2160,bill history
9643,14,5280,bill history
9644,14,5288,bill history
9645,14,5410,bill history
9646,14,3514,bill history
9647,14,6049,bill history
9648,14,4900,bill history
9649,14,6014,bill history
9650,14,3886,bill history
9651,14,4291,bill history
9652,14,3058,bill history
9653,14,6098,bill history
9654,14,1125,bill history
9655,14,2095,bill history
9656,14,3935,bill history
9657,14,3936,bill history
9658,14,4032,bill history
9659,14,4469,bill history
9660,14,4470,bill history
9661,14,4566,bill history
9662,14,4810,bill history
9663,14,5072,bill history
9664,14,5107,bill history
9665,14,5136,bill history
9666,14,5137,bill history
9667,14,5138,bill history
9668,14,5249,bill history
9669,14,5293,bill history
9670,14,5330,bill history
9671,14,5354,bill history
9672,14,5357,bill history
9673,14,5363,bill history
9674,14,5364,bill history
9675,14,5373,bill history
9676,14,5377,bill history
9677,14,5379,bill history
9678,14,5402,bill history
9679,14,5220,bill history
9680,14,1423,bill history
9681,14,4553,bill history
9682,14,5146,bill history
9683,14,1314,bill history
9684,14,4798,bill history
9685,14,5389,bill history
9686,14,5298,bill history
9687,14,5299,bill history
9688,14,3623,bill history
9689,14,3624,bill history
9690,14,3625,bill history
9691,14,3626,bill history
9692,14,3627,bill history
9693,14,3628,bill history
9694,14,3629,bill history
9695,14,5117,bill history
9696,14,5119,bill history
9697,14,5120,bill history
9698,14,5122,bill history
9699,14,5118,bill history
9700,14,4077,bill history
9701,14,3685,bill history
9702,14,5392,bill history
9703,14,5393,bill history
9704,14,5390,bill history
9705,14,5394,bill history
9706,14,206,bill history
9707,14,3040,bill history
9708,14,3618,bill history
9709,14,2677,bill history
9710,14,4273,bill history
9711,14,3293,bill history
9712,14,4015,bill history
9713,14,4018,bill history
9714,14,5227,bill history
9715,14,1970,bill history
9716,14,4264,bill history
9717,14,4360,bill history
9718,14,4414,bill history
9719,14,4413,bill history
9720,14,4409,bill history
9721,14,5217,bill history
9722,14,5638,bill history
9723,14,5258,bill history
9724,14,4054,bill history
9725,14,4163,bill history
9726,14,5007,bill history
9727,14,4254,bill history
9728,14,5344,bill history
9729,14,5982,bill history
9730,14,3909,bill history
9731,14,3933,bill history
9732,14,3934,bill history
9733,14,3938,bill history
9734,14,4540,bill history
9735,14,4541,bill history
9736,14,5098,bill history
9737,14,5129,bill history
9738,14,5132,bill history
9739,14,5382,bill history
9740,14,5226,bill history
9741,14,3680,bill history
9742,14,4678,bill history
9743,14,3063,bill history
9744,14,5641,bill history
9745,14,5709,bill history
9746,14,4415,bill history
9747,14,3792,bill history
9748,14,521,bill history
9749,14,2495,bill history
9750,14,5284,bill history
9751,14,4453,bill history
9752,14,4463,bill history
9753,14,218,bill history
9754,14,2222,bill history
9755,14,4028,bill history
9756,14,4033,bill history
9757,14,4035,bill history
9758,14,4036,bill history
9759,14,4471,bill history
9760,14,4557,bill history
9761,14,4559,bill history
9762,14,4560,bill history
9763,14,4570,bill history
9764,14,4571,bill history
9765,14,4578,bill history
9766,14,5018,bill history
9767,14,5021,bill history
9768,14,5025,bill history
9769,14,5125,bill history
9770,14,5172,bill history
9771,14,5230,bill history
9772,14,3681,bill history
9773,14,5866,bill history
9774,14,4053,bill history
9775,14,6440,bill history
9776,14,5285,bill history
9777,14,5286,bill history
9778,14,5287,bill history
9779,14,1235,bill history
9780,14,3931,bill history
9781,14,3985,bill history
9782,14,4468,bill history
9783,14,5103,bill history
9784,14,5295,bill history
9785,14,5328,bill history
9786,14,5329,bill history
9787,14,5371,bill history
9788,14,5372,bill history
9789,14,5424,bill history
9790,14,1374,bill history
9791,14,2114,bill history
9792,14,5926,bill history
9793,14,5927,bill history
9794,14,4675,bill history
9795,14,4680,bill history
9796,14,4706,bill history
9797,14,5304,bill history
9798,14,4945,bill history
9799,14,4639,bill history
9800,14,4649,bill history
9801,14,4663,bill history
9802,14,5308,bill history
9803,14,420,bill history
9804,14,213,bill history
9805,14,217,bill history
9806,14,220,bill history
9807,14,4535,bill history
9808,14,4536,bill history
9809,14,4548,bill history
9810,14,4549,bill history
9811,14,4556,bill history
9812,14,4558,bill history
9813,14,4812,bill history
9814,14,5092,bill history
9815,14,5093,bill history
9816,14,5130,bill history
9817,14,5131,bill history
9818,14,5141,bill history
9819,14,5174,bill history
9820,14,5175,bill history
9821,14,5240,bill history
9822,14,5239,bill history
9823,14,5270,bill history
9824,14,5324,bill history
9825,14,5325,bill history
9826,14,5399,bill history
9827,14,5400,bill history
9828,14,4214,bill history
9829,14,6407,bill history
9830,14,6434,bill history
9831,14,6435,bill history
9832,14,6319,bill history
9833,14,214,bill history
9834,14,215,bill history
9835,14,4009,bill history
9836,14,4533,bill history
9837,14,4534,bill history
9838,14,4573,bill history
9839,14,4576,bill history
9840,14,4577,bill history
9841,14,4761,bill history
9842,14,5022,bill history
9843,14,5094,bill history
9844,14,5104,bill history
9845,14,5142,bill history
9846,14,5233,bill history
9847,14,4299,bill history
9848,14,4265,bill history
9849,14,6400,bill history
9850,14,6516,bill history
9851,14,6633,bill history
9852,14,5642,bill history
9853,14,3274,bill history
9854,14,5110,bill history
9855,14,4532,bill history
9856,14,6379,bill history
9857,14,6815,bill history
9858,14,5279,bill history
9859,14,3206,bill history
9860,14,4410,bill history
9861,14,3930,bill history
9862,14,4003,bill history
9863,14,4011,bill history
9864,14,4026,bill history
9865,14,4531,bill history
9866,14,4537,bill history
9867,14,4538,bill history
9868,14,4550,bill history
9869,14,4572,bill history
9870,14,4762,bill history
9871,14,2270,bill history
9872,14,3772,bill history
9873,14,4552,bill history
9874,14,4574,bill history
9875,14,4575,bill history
9876,14,4763,bill history
9877,14,4811,bill history
9878,14,4814,bill history
9879,14,4815,bill history
9880,14,4818,bill history
9881,14,4819,bill history
9882,14,4823,bill history
9883,14,4825,bill history
9884,14,4826,bill history
9885,14,5012,bill history
9886,14,5013,bill history
9887,14,5014,bill history
9888,14,5097,bill history
9889,14,5124,bill history
9890,14,5126,bill history
9891,14,5127,bill history
9892,14,5128,bill history
9893,14,5235,bill history
9894,14,5244,bill history
9895,14,5351,bill history
9896,14,5369,bill history
9897,14,5381,bill history
9898,14,5398,bill history
9899,14,5401,bill history
9900,14,5403,bill history
9901,14,5404,bill history
9902,14,5405,bill history
9903,14,5922,bill history
9904,14,50,bill history
9905,14,5652,bill history
9906,14,6112,bill history
9907,14,4827,bill history
9908,14,4828,bill history
9909,14,5020,bill history
9910,14,5101,bill history
9911,14,5134,bill history
9912,14,5143,bill history
9913,14,5238,bill history
9914,14,5276,bill history
9915,14,5333,bill history
9916,14,5337,bill history
9917,14,5339,bill history
9918,14,5340,bill history
9919,14,5366,bill history
9920,14,5375,bill history
9921,14,5407,bill history
9922,14,5719,bill history
9923,14,5721,bill history
9924,14,5731,bill history
9925,14,5737,bill history
9926,14,5949,bill history
9927,14,3460,bill history
9928,14,3949,bill history
9929,14,3984,bill history
9930,14,4021,bill history
9931,14,4112,bill history
9932,14,4157,bill history
9933,14,4542,bill history
9934,14,4543,bill history
9935,14,4554,bill history
9936,14,5016,bill history
9937,14,5017,bill history
9938,14,5071,bill history
9939,14,5073,bill history
9940,14,5102,bill history
9941,14,5123,bill history
9942,14,5352,bill history
9943,14,5353,bill history
9944,14,5728,bill history
9945,14,5741,bill history
9946,14,6820,bill history
9947,14,3864,bill history
9948,14,3865,bill history
9949,14,3932,bill history
9950,14,3939,bill history
9951,14,3941,bill history
9952,14,4014,bill history
9953,14,4545,bill history
9954,14,4561,bill history
9955,14,4562,bill history
9956,14,4563,bill history
9957,14,4564,bill history
9958,14,4758,bill history
9959,14,4764,bill history
9960,14,4813,bill history
9961,14,4816,bill history
9962,14,4817,bill history
9963,14,5106,bill history
9964,14,5176,bill history
9965,14,5899,bill history
9966,14,6311,bill history
9967,14,6244,bill history
9968,14,6282,bill history
9969,14,6283,bill history
9970,14,6767,bill history
9971,14,3944,bill history
9972,14,3945,bill history
9973,14,3948,bill history
9974,14,4013,bill history
9975,14,4544,bill history
9976,14,4820,bill history
9977,14,4980,bill history
9978,14,5015,bill history
9979,14,5019,bill history
9980,14,5023,bill history
9981,14,5105,bill history
9982,14,5292,bill history
9983,14,5349,bill history
9984,14,5362,bill history
9985,14,5365,bill history
9986,14,5376,bill history
9987,14,5396,bill history
9988,14,5397,bill history
9989,14,5718,bill history
9990,14,5720,bill history
9991,14,5951,bill history
9992,14,4443,bill history
9993,14,5151,bill history
9994,14,6390,bill history
9995,14,6517,bill history
9996,14,6958,bill history
9997,14,4253,bill history
9998,14,4411,bill history
9999,14,4301,bill history
10000,14,6095,bill history
10001,14,6017,bill history
10002,14,3591,bill history
10003,14,3593,bill history
10004,14,3770,bill history
10005,14,3771,bill history
10006,14,4567,bill history
10007,14,5024,bill history
10008,14,5336,bill history
10009,14,5374,bill history
10010,14,5378,bill history
10011,14,1872,bill history
10012,14,1968,bill history
10013,14,4501,bill history
10014,14,4519,bill history
10015,14,4607,bill history
10016,14,4648,bill history
10017,14,4662,bill history
10018,14,4709,bill history
10019,14,4712,bill history
10020,14,4025,bill history
10021,14,6899,bill history
10022,14,5649,bill history
10023,14,5618,bill history
10024,14,6410,bill history
10025,14,7065,bill history
10026,14,5210,bill history
10027,14,6816,bill history
10028,14,879,bill history
10029,14,6512,bill history
10030,14,4659,bill history
10031,14,4008,bill history
10032,14,4034,bill history
10033,14,4933,bill history
10034,14,5245,bill history
10035,14,5250,bill history
10036,14,5251,bill history
10037,14,5370,bill history
10038,14,5722,bill history
10039,14,5726,bill history
10040,14,4440,bill history
10041,14,4515,bill history
10042,14,4594,bill history
10043,14,1450,bill history
10044,14,3946,bill history
10045,14,3983,bill history
10046,14,3986,bill history
10047,14,3987,bill history
10048,14,4004,bill history
10049,14,5948,bill history
10050,14,4795,bill history
10051,14,4796,bill history
10052,14,5391,bill history
10053,14,5395,bill history
10054,14,6924,bill history
10055,14,5208,bill history
10056,14,4005,bill history
10057,14,4006,bill history
10058,14,4007,bill history
10059,14,4145,bill history
10060,14,4555,bill history
10061,14,5173,bill history
10062,14,5277,bill history
10063,14,5278,bill history
10064,14,6560,bill history
10065,14,6561,bill history
10066,14,6733,bill history
10067,14,5991,bill history
10068,14,7066,bill history
10069,14,6514,bill history
10070,14,1387,bill history
10071,14,7112,bill history
10072,14,6509,bill history
10073,14,6025,bill history
10074,14,3968,bill history
10075,14,4608,bill history
10076,14,4705,bill history
10078,14,4717,bill history
10079,14,4723,bill history
10080,14,6594,bill history
10081,14,6609,bill history
10082,14,6640,bill history
10083,14,6213,bill history
10084,14,5444,bill history
10085,14,6935,bill history
10086,14,6378,bill history
10087,14,199,bill history
10088,14,5699,bill history
10089,14,6882,bill history
10090,14,889,bill history
10091,14,1713,bill history
10092,14,4448,bill history
10093,14,4511,bill history
10094,14,4587,bill history
10095,14,4606,bill history
10096,14,4595,bill history
10097,14,4612,bill history
10098,14,4614,bill history
10099,14,4656,bill history
10100,14,4665,bill history
10101,14,4667,bill history
10102,14,4682,bill history
10103,14,4684,bill history
10104,14,4704,bill history
10105,14,6151,bill history
10106,14,3558,bill history
10107,14,3706,bill history
10108,14,3766,bill history
10109,14,3790,bill history
10110,14,3937,bill history
10111,14,5027,bill history
10112,14,5144,bill history
10113,14,5736,bill history
10114,14,6038,bill history
10115,14,6041,bill history
10116,14,6472,bill history
10117,14,6473,bill history
10118,14,6476,bill history
10119,14,6477,bill history
10120,14,6634,bill history
10121,14,6985,bill history
10122,14,6439,bill history
10123,14,16,bill history
10124,14,6780,bill history
10125,14,3477,bill history
10126,14,4016,bill history
10127,14,4017,bill history
10128,14,4188,bill history
10129,14,4189,bill history
10130,14,4190,bill history
10131,14,5026,bill history
10132,14,5739,bill history
10133,14,5740,bill history
10134,14,6045,bill history
10135,14,6930,bill history
10136,14,4459,bill history
10137,14,4626,bill history
10138,14,4664,bill history
10139,14,4674,bill history
10140,14,4702,bill history
10141,14,4720,bill history
10142,14,7090,bill history
10143,14,7134,bill history
10144,14,2022,bill history
10145,14,6593,bill history
10146,14,6637,bill history
10147,15,3101,bill history
10148,15,2307,bill history
10149,15,4067,bill history
10150,15,4169,bill history
10151,15,4276,bill history
10152,15,4393,bill history
10153,15,4146,bill history
10154,15,3862,bill history
10155,15,5023,bill history
10156,15,4357,bill history
10157,15,3826,bill history
10158,15,4936,bill history
10159,15,600,bill history
10160,15,4730,bill history
10161,15,4729,bill history
10162,15,4488,bill history
10163,15,4259,bill history
10164,15,4736,bill history
10165,15,4481,bill history
10166,15,5640,bill history
10167,15,4275,bill history
10168,15,5015,bill history
10169,15,5917,bill history
10170,15,4245,bill history
10171,15,5608,bill history
10172,15,4530,bill history
10173,15,4115,bill history
10174,15,6235,bill history
10175,15,5808,bill history
10176,15,4330,bill history
10177,15,4111,bill history
10178,15,4379,bill history
10179,15,4668,bill history
10180,15,5491,bill history
10181,15,5492,bill history
10182,15,5574,bill history
10183,15,5613,bill history
10184,15,5236,bill history
10185,15,1339,bill history
10186,15,1340,bill history
10187,15,1463,bill history
10188,15,1468,bill history
10189,15,1688,bill history
10190,15,1873,bill history
10191,15,1975,bill history
10192,15,2319,bill history
10193,15,2322,bill history
10194,15,2587,bill history
10195,15,5498,bill history
10196,15,5235,bill history
10197,15,1318,bill history
10198,15,342,bill history
10199,15,2919,bill history
10200,15,1016,bill history
10201,15,779,bill history
10202,15,2221,bill history
10203,15,1879,bill history
10204,15,5191,bill history
10205,15,1600,bill history
10206,15,1338,bill history
10207,15,2323,bill history
10208,15,2320,bill history
10209,15,777,bill history
10210,15,3072,bill history
10211,15,3987,bill history
10212,15,1446,bill history
10213,15,341,bill history
10214,15,1569,bill history
10215,15,2746,bill history
10216,15,5503,bill history
10217,15,2218,bill history
10218,15,2317,bill history
10219,15,1014,bill history
10220,15,905,bill history
10221,15,1208,bill history
10222,15,2342,bill history
10223,15,1154,bill history
10224,15,748,bill history
10225,15,1571,bill history
10226,15,2220,bill history
10227,15,3419,bill history
10228,15,1814,bill history
10229,15,4170,bill history
10230,15,4413,bill history
10231,15,4321,bill history
10232,15,343,bill history
10233,15,5118,bill history
10234,15,547,bill history
10235,15,747,bill history
10236,15,904,bill history
10237,15,1209,bill history
10238,15,1294,bill history
10239,15,1447,bill history
10240,15,1465,bill history
10241,15,3202,bill history
10242,15,3203,bill history
10243,15,4512,bill history
10244,15,4473,bill history
10245,15,4474,bill history
10246,15,4475,bill history
10247,15,4479,bill history
10248,15,4493,bill history
10249,15,4494,bill history
10250,15,4495,bill history
10251,15,4497,bill history
10252,15,4521,bill history
10253,15,4489,bill history
10254,15,4490,bill history
10255,15,344,bill history
10256,15,749,bill history
10257,15,778,bill history
10258,15,906,bill history
10259,15,1319,bill history
10260,15,1449,bill history
10261,15,1467,bill history
10262,15,1570,bill history
10263,15,1974,bill history
10264,15,2225,bill history
10265,15,2228,bill history
10266,15,2318,bill history
10267,15,3000,bill history
10268,15,3733,bill history
10269,15,4944,bill history
10270,15,4947,bill history
10271,15,5123,bill history
10272,15,5124,bill history
10273,15,5190,bill history
10274,15,5193,bill history
10275,15,5232,bill history
10276,15,5541,bill history
10277,15,5881,bill history
10278,15,5892,bill history
10279,15,5950,bill history
10280,15,80,bill history
10281,15,1829,bill history
10282,15,5502,bill history
10283,15,5924,bill history
10284,15,338,bill history
10285,15,1295,bill history
10286,15,1450,bill history
10287,15,2219,bill history
10288,15,2321,bill history
10289,15,4154,bill history
10290,15,4196,bill history
10291,15,4754,bill history
10292,15,5499,bill history
10293,15,5811,bill history
10294,15,5885,bill history
10295,15,5888,bill history
10296,15,5951,bill history
10297,15,5952,bill history
10298,15,4469,bill history
10299,15,4471,bill history
10300,15,4472,bill history
10301,15,4491,bill history
10302,15,4522,bill history
10303,15,4744,bill history
10304,15,548,bill history
10305,15,1448,bill history
10306,15,1462,bill history
10307,15,2915,bill history
10308,15,3290,bill history
10309,15,3798,bill history
10310,15,4508,bill history
10311,15,4564,bill history
10312,15,4755,bill history
10313,15,4943,bill history
10314,15,4945,bill history
10315,15,4946,bill history
10316,15,5121,bill history
10317,15,5122,bill history
10318,15,5189,bill history
10319,15,5192,bill history
10320,15,5233,bill history
10321,15,5234,bill history
10322,15,5504,bill history
10323,15,5810,bill history
10324,15,5865,bill history
10325,15,5866,bill history
10326,15,5882,bill history
10327,15,5884,bill history
10328,15,5886,bill history
10329,15,5887,bill history
10330,15,5889,bill history
10331,15,5891,bill history
10332,15,5893,bill history
10333,15,5923,bill history
10334,15,5948,bill history
10335,15,6001,bill history
10336,15,6002,bill history
10337,15,1426,bill history
10338,15,2266,bill history
10339,15,4476,bill history
10340,15,4511,bill history
10341,15,4513,bill history
10342,15,5576,bill history
10343,15,6032,bill history
10344,15,5932,bill history
10345,15,5622,bill history
10346,15,1967,bill history
10347,15,2407,bill history
10348,15,4492,bill history
10349,15,6410,bill history
10350,15,4323,bill history
10351,15,5727,bill history
10352,15,6455,bill history
10353,15,98,bill history
10354,15,4244,bill history
10355,15,3331,bill history
10356,15,5277,bill history
10357,15,537,bill history
10358,15,540,bill history
10359,15,3496,bill history
10360,15,4451,bill history
10361,15,6144,bill history
10362,15,5739,bill history
10363,15,5737,bill history
10364,15,6339,bill history
10365,15,6565,bill history
10366,15,5509,bill history
10367,15,3469,bill history
10368,15,5990,bill history
10369,15,3622,bill history
10370,15,2821,bill history
10371,15,5740,bill history
10372,15,3841,bill history
10373,15,6550,bill history
10374,15,5461,bill history
10375,15,2313,bill history
10376,15,6058,bill history
10377,15,5600,bill history
10378,15,6022,bill history
10379,15,1869,bill history
10380,15,4241,bill history
10381,15,5731,bill history
10382,15,2470,bill history
10383,15,2016,bill history
10384,15,4014,bill history
10385,15,3393,bill history
10386,15,3873,bill history
10387,15,3217,bill history
10388,15,3734,bill history
10389,15,5395,bill history
10390,15,6703,bill history
10391,15,1167,bill history
10392,15,5717,bill history
10393,15,5730,bill history
10394,15,5743,bill history
10395,15,6685,bill history
10396,15,6686,bill history
10397,15,3283,bill history
10398,15,4434,bill history
10399,15,4012,bill history
10400,15,3297,bill history
10401,15,4015,bill history
10402,15,2331,bill history
10403,15,3213,bill history
10404,15,3488,bill history
10405,15,1789,bill history
10406,15,2738,bill history
10407,15,2010,bill history
10408,15,5795,bill history
10409,15,3066,bill history
10410,15,6694,bill history
10411,15,2125,bill history
10412,15,2329,bill history
10413,15,2404,bill history
10414,15,2469,bill history
10415,15,2767,bill history
10416,15,3214,bill history
10417,15,3247,bill history
10418,15,3394,bill history
10419,15,4274,bill history
10420,15,5786,bill history
10421,15,1594,bill history
10422,15,3481,bill history
10423,15,4006,bill history
10424,15,4007,bill history
10425,15,4403,bill history
10426,15,5008,bill history
10427,15,5266,bill history
10428,15,5328,bill history
10429,15,5373,bill history
10430,15,5690,bill history
10431,15,5748,bill history
10432,15,5760,bill history
10433,15,5981,bill history
10434,15,5982,bill history
10435,15,5993,bill history
10436,15,5994,bill history
10437,15,6138,bill history
10438,15,6212,bill history
10439,15,6220,bill history
10440,15,6232,bill history
10441,15,6436,bill history
10442,15,6448,bill history
10443,15,6451,bill history
10444,15,6477,bill history
10445,15,6582,bill history
10446,15,6583,bill history
10447,15,6588,bill history
10448,15,6591,bill history
10449,15,6594,bill history
10450,15,5949,bill history
10451,15,336,bill history
10452,15,1398,bill history
10453,15,3296,bill history
10454,15,5742,bill history
10455,15,543,bill history
10456,15,4778,bill history
10457,15,3211,bill history
10458,15,1591,bill history
10459,15,1592,bill history
10460,15,1596,bill history
10461,15,3866,bill history
10462,15,5006,bill history
10463,15,5242,bill history
10464,15,5584,bill history
10465,15,5992,bill history
10466,15,6024,bill history
10467,15,6140,bill history
10468,15,6141,bill history
10469,15,6142,bill history
10470,15,6211,bill history
10471,15,6346,bill history
10472,15,6434,bill history
10473,15,6435,bill history
10474,15,6450,bill history
10475,15,6581,bill history
10476,15,6585,bill history
10477,15,6586,bill history
10478,15,6592,bill history
10479,15,6593,bill history
10480,15,6767,bill history
10481,15,541,bill history
10482,15,1210,bill history
10483,15,1595,bill history
10484,15,3482,bill history
10485,15,3484,bill history
10486,15,3491,bill history
10487,15,4004,bill history
10488,15,4005,bill history
10489,15,4009,bill history
10490,15,5007,bill history
10491,15,5119,bill history
10492,15,5265,bill history
10493,15,5329,bill history
10494,15,5330,bill history
10495,15,5383,bill history
10496,15,5386,bill history
10497,15,5979,bill history
10498,15,5980,bill history
10499,15,5983,bill history
10500,15,5995,bill history
10501,15,6139,bill history
10502,15,6143,bill history
10503,15,6209,bill history
10504,15,6213,bill history
10505,15,6233,bill history
10506,15,6234,bill history
10507,15,6344,bill history
10508,15,6345,bill history
10509,15,6449,bill history
10510,15,6580,bill history
10511,15,6584,bill history
10512,15,6589,bill history
10513,15,6590,bill history
10514,15,595,bill history
10515,15,709,bill history
10516,15,6868,bill history
10517,15,5896,bill history
10518,15,6778,bill history
10519,15,6844,bill history
10520,15,6774,bill history
10521,15,6848,bill history
10522,15,5732,bill history
10523,15,6866,bill history
10524,15,5475,bill history
10525,15,6148,bill history
10526,15,988,bill history
10527,15,4691,bill history
10528,15,2961,bill history
10529,15,4659,bill history
10530,15,4314,bill history
10531,15,6214,bill history
10532,15,6735,bill history
10533,15,6643,bill history
10534,15,5763,bill history
10535,15,164,bill history
10536,15,5490,bill history
10537,15,6773,bill history
10538,15,6779,bill history
10539,15,6846,bill history
10540,15,6863,bill history
10541,15,6780,bill history
10542,15,6845,bill history
10543,15,6864,bill history
10544,15,6862,bill history
10545,15,6800,bill history
10546,15,5910,bill history
10547,15,6865,bill history
10548,15,3215,bill history
10549,15,3282,bill history
10550,15,1356,bill history
10551,15,1629,bill history
10552,15,3353,bill history
10553,15,5798,bill history
10554,15,2789,bill history
10555,15,5495,bill history
10556,15,3877,bill history
10557,15,6852,bill history
10558,15,4989,bill history
10559,15,4253,bill history
10560,15,2141,bill history
10561,15,2140,bill history
10562,15,6753,bill history
10563,15,6753,act text
10564,15,6753,act text
10565,15,6847,bill history
10566,15,5558,bill history
10567,15,5659,bill history
10568,15,6855,bill history
10569,15,5895,bill history
10570,15,6857,bill history
10571,15,6869,bill history
10572,15,6307,bill history
10573,15,1105,bill history
10574,15,5360,bill history
10575,15,6887,bill history
10576,15,6851,bill history
10577,15,6858,bill history
10578,15,5744,bill history
10579,15,6849,bill history
10580,15,6856,act text
10581,15,5531,bill history
10582,15,6853,bill history
10583,15,4449,bill history
10584,15,4585,bill history
10585,15,5914,bill history
10586,15,4251,bill history
10587,15,4692,bill history
10588,15,6119,bill history
10589,15,3005,bill history
10590,15,6542,bill history
10591,15,5484,bill history
10592,15,417,bill history
10593,15,6131,bill history
10594,15,4183,bill history
10595,15,4432,bill history
10596,15,4448,bill history
10597,15,4453,bill history
10598,15,4586,bill history
10599,15,4641,bill history
10600,15,5913,bill history
10601,15,6548,bill history
10602,15,5341,bill history
10603,15,6856,bill history
10604,15,4431,bill history
10605,15,4450,bill history
10606,15,6048,bill history
10607,15,4867,act text
10608,15,6743,bill history
10609,15,3546,bill history
10610,15,3080,bill history
10611,15,6474,bill history
10612,15,6860,bill history
10618,15,6050,act text
10620,15,6529,act text
10621,15,6171,bill history
10622,15,2697,bill history
10623,15,4801,bill history
10624,15,201,bill history
10630,15,6052,act text
10631,15,6893,act text
10632,16,2849,bill history
10633,16,2630,bill history
10634,16,3423,bill history
10635,16,3766,bill history
10636,16,4084,bill history
10637,16,3187,bill history
10638,16,4089,bill history
10639,16,353,bill history
10640,16,2285,bill history
10641,16,3984,bill history
10642,16,4082,bill history
10643,16,4590,bill history
10644,16,4595,bill history
10645,16,4593,bill history
10646,16,3899,bill history
10647,16,3575,bill history
10648,16,4860,bill history
10649,16,694,bill history
10650,16,4553,bill history
10651,16,4968,bill history
10652,16,5237,bill history
10653,16,4970,bill history
10654,16,4536,bill history
10655,16,5280,bill history
10656,16,5209,bill history
10657,16,5016,bill history
10658,16,3917,bill history
10659,16,4633,bill history
10660,16,5283,bill history
10661,16,1641,bill history
10662,16,4398,bill history
10663,16,4400,bill history
10664,16,945,bill history
10665,16,4085,bill history
10666,16,4462,bill history
10667,16,5286,bill history
10668,16,5610,bill history
10669,16,4768,bill history
10670,16,1042,bill history
10671,16,1248,bill history
10672,16,4073,bill history
10673,16,3750,bill history
10674,16,4308,bill history
10675,16,4769,bill history
10676,16,5115,bill history
10677,16,31,bill history
10678,16,67,bill history
10679,16,5603,bill history
10680,16,4292,bill history
10681,16,4461,bill history
10682,16,4605,bill history
10683,16,4307,bill history
10684,16,4427,bill history
10685,16,4537,bill history
10686,16,586,bill history
10687,16,4591,bill history
10688,16,5014,bill history
10689,16,4420,bill history
10690,16,5707,bill history
10691,16,4275,bill history
10692,16,4397,bill history
10693,16,5217,bill history
10694,16,2409,bill history
10695,16,4494,bill history
10696,16,2260,bill history
10697,16,5822,bill history
10698,16,5535,bill history
10699,16,5912,bill history
10700,16,1771,bill history
10701,16,1980,bill history
10702,16,2094,bill history
10703,16,2739,bill history
10704,16,3396,bill history
10705,16,2186,bill history
10706,16,5268,bill history
10707,16,4147,bill history
10708,16,5831,bill history
10709,16,4660,bill history
10710,16,159,bill history
10711,16,606,bill history
10712,16,2701,bill history
10713,16,4483,bill history
10714,16,4484,bill history
10715,16,4491,bill history
10716,16,1841,bill history
10717,16,6132,bill history
10718,16,766,bill history
10719,16,1268,bill history
10720,16,3233,bill history
10721,16,3652,bill history
10722,16,4263,bill history
10723,16,4291,bill history
10724,16,2081,bill history
10725,16,3232,bill history
10726,16,4367,bill history
10727,16,4631,bill history
10728,16,4918,bill history
10729,16,5055,bill history
10730,16,4262,bill history
10731,16,4853,bill history
10732,16,4920,bill history
10733,16,3154,bill history
10734,16,3653,bill history
10735,16,3654,bill history
10736,16,4287,bill history
10737,16,4288,bill history
10738,16,4854,bill history
10739,16,1772,bill history
10740,16,4921,bill history
10741,16,5306,bill history
10742,16,6043,bill history
10743,16,4148,bill history
10744,16,6007,bill history
10745,16,5587,bill history
10746,16,438,bill history
10747,16,5973,bill history
10748,16,439,bill history
10749,16,440,bill history
10750,16,4008,bill history
10751,16,4009,bill history
10752,16,5588,bill history
10753,16,5532,bill history
10754,16,1039,bill history
10755,16,2729,bill history
10756,16,5412,bill history
10757,16,4271,bill history
10758,16,216,bill history
10759,16,273,bill history
10760,16,577,bill history
10761,16,1246,bill history
10762,16,2716,bill history
10763,16,4404,bill history
10764,16,4421,bill history
10765,16,5085,bill history
10766,16,6412,bill history
10767,16,5042,bill history
10768,16,4798,bill history
10769,16,2095,bill history
10770,16,5276,bill history
10771,16,6100,bill history
10772,16,5226,bill history
10773,16,5227,bill history
10774,16,3964,bill history
10775,16,3968,bill history
10776,16,4565,bill history
10777,16,4799,bill history
10778,16,5366,bill history
10779,16,5386,bill history
10780,16,5606,bill history
10781,16,540,bill history
10782,16,696,bill history
10783,16,3217,bill history
10784,16,4784,bill history
10785,16,2360,bill history
10786,16,5307,bill history
10787,16,5645,bill history
10788,16,3962,bill history
10789,16,4133,bill history
10790,16,5391,bill history
10791,16,5668,bill history
10792,16,4507,bill history
10793,16,5582,bill history
10794,16,5982,bill history
10795,16,5591,bill history
10796,16,844,bill history
10797,16,5953,bill history
10798,16,2028,bill history
10799,16,2606,bill history
10800,16,6212,bill history
10801,16,4990,bill history
10802,16,3945,bill history
10803,16,3969,bill history
10804,16,3973,bill history
10805,16,4646,bill history
10806,16,4797,bill history
10807,16,5552,bill history
10808,16,834,bill history
10809,16,5360,bill history
10810,16,5363,bill history
10811,16,5873,bill history
10812,16,6155,bill history
10813,16,5651,bill history
10814,16,103,bill history
10815,16,6131,bill history
10816,16,5299,bill history
10817,16,6347,bill history
10818,16,5531,bill history
10819,16,5592,bill history
10820,16,5940,bill history
10821,16,5285,bill history
10822,16,5154,bill history
10823,16,2297,bill history
10824,16,5568,bill history
10825,16,4432,bill history
10826,16,5652,bill history
10827,16,2592,bill history
10828,16,5825,bill history
10829,16,604,bill history
10830,16,4261,bill history
10831,16,4290,bill history
10832,16,4368,bill history
10833,16,4917,bill history
10834,16,5362,bill history
10835,16,5364,bill history
10836,16,5365,bill history
10837,16,5384,bill history
10838,16,5445,bill history
10839,16,5573,bill history
10840,16,5574,bill history
10841,16,5669,bill history
10842,16,5863,bill history
10843,16,5960,bill history
10844,16,6198,bill history
10845,16,6380,bill history
10846,16,6020,bill history
10847,16,5549,bill history
10848,16,6162,bill history
10849,16,1847,bill history
10850,16,2188,bill history
10851,16,4632,bill history
10852,16,5385,bill history
10853,16,5670,bill history
10854,16,5961,bill history
10855,16,3819,bill history
10856,16,1948,bill history
10857,16,4458,bill history
10858,16,5650,bill history
10859,16,6085,bill history
10860,16,6086,bill history
10861,16,6088,bill history
10862,16,6077,bill history
10863,16,5525,bill history
10864,16,5713,bill history
10865,16,5746,bill history
10866,16,6152,bill history
10867,16,5855,bill history
10868,16,5780,bill history
10869,16,6415,bill history
10870,16,5417,bill history
10871,16,6204,bill history
10872,16,2817,bill history
10873,16,3219,bill history
10874,16,3220,bill history
10875,16,4366,bill history
10876,16,5406,bill history
10877,16,5446,bill history
10878,16,3785,bill history
10879,16,5511,bill history
10880,16,3145,bill history
10881,16,6395,bill history
10882,16,772,bill history
10883,16,4544,bill history
10884,16,4116,bill history
10885,16,6313,bill history
10886,16,6193,bill history
10887,16,6168,bill history
10888,16,6053,bill history
10889,16,6038,bill history
10890,16,5571,bill history
10891,16,2185,bill history
10892,16,5570,bill history
10893,16,5583,bill history
10894,16,5601,bill history
10895,16,5844,bill history
10896,16,5859,bill history
10897,16,6003,bill history
10898,16,6005,bill history
10899,16,6011,bill history
10900,16,6012,bill history
10901,16,6021,bill history
10902,16,6312,bill history
10903,16,6314,bill history
10904,16,6315,bill history
10905,16,925,bill history
10906,16,5572,bill history
10908,16,4832,bill history
10909,16,4730,bill history
10910,16,4146,bill history
10911,16,6418,bill history
10912,16,6423,bill history
10913,16,4531,bill history
10914,16,5560,bill history
10915,16,6421,bill history
10916,16,5911,bill history
10917,16,6414,bill history
10918,16,5616,bill history
10919,16,6144,bill history
10920,16,3222,bill history
10921,16,3223,bill history
10922,16,5452,bill history
10923,17,3504,bill history
10924,17,3408,bill history
10925,17,4631,bill history
10926,17,4637,bill history
10927,17,5663,bill history
10928,17,4767,bill history
10929,17,5225,bill history
10930,17,5648,bill history
10931,17,5633,bill history
10932,17,5159,bill history
10933,17,937,bill history
10934,17,938,bill history
10935,17,4402,bill history
10936,17,4682,bill history
10937,17,4848,bill history
10938,17,4850,bill history
10939,17,4851,bill history
10940,17,4852,bill history
10941,17,4853,bill history
10942,17,4854,bill history
10943,17,4855,bill history
10944,17,4856,bill history
10945,17,4857,bill history
10946,17,4858,bill history
10947,17,4859,bill history
10948,17,4860,bill history
10949,17,4861,bill history
10950,17,4862,bill history
10951,17,5513,bill history
10952,17,6308,bill history
10953,17,4923,bill history
10954,17,4924,bill history
10955,17,4925,bill history
10956,17,4937,bill history
10957,17,4940,bill history
10958,17,4943,bill history
10959,17,2924,bill history
10960,17,4934,bill history
10961,17,4941,bill history
10962,17,6016,bill history
10963,17,5636,bill history
10964,17,6215,bill history
10965,17,5235,bill history
10966,17,5241,bill history
10967,17,4942,bill history
10968,17,6572,bill history
10969,17,5670,bill history
10970,17,6136,bill history
10971,17,4938,bill history
10972,17,5177,bill history
10973,17,4863,bill history
10974,17,5176,bill history
10975,17,400,bill history
10976,17,2506,bill history
10977,17,4524,bill history
10978,17,5755,bill history
10979,17,5803,bill history
10980,17,6081,bill history
10981,17,6099,bill history
10982,17,3438,bill history
10983,17,4597,bill history
10984,17,4598,bill history
10985,17,4599,bill history
10986,17,5052,bill history
10987,17,5183,bill history
10988,17,5757,bill history
10989,17,6101,bill history
10990,17,2507,bill history
10991,17,2508,bill history
10992,17,4469,bill history
10993,17,5550,bill history
10994,17,5754,bill history
10995,17,5756,bill history
10996,17,5758,bill history
10997,17,6100,bill history
10998,17,6103,bill history
10999,17,4636,bill history
11000,17,5064,bill history
11001,17,5212,bill history
11002,17,5063,bill history
11003,17,5175,bill history
11004,17,5211,bill history
11005,17,2737,bill history
11006,17,3179,bill history
11007,17,5051,bill history
11008,17,5146,bill history
11009,17,5147,bill history
11010,17,5150,bill history
11011,17,5151,bill history
11012,17,5148,bill history
11013,17,5149,bill history
11014,17,477,bill history
11015,17,6523,bill history
11016,17,5578,bill history
11017,17,6102,bill history
11018,17,6104,bill history
11019,17,6186,bill history
11020,17,6522,bill history
11022,17,6529,bill history
11023,17,6530,bill history
11024,17,6531,bill history
11025,17,6532,bill history
11026,17,6533,bill history
11027,17,6534,bill history
11028,17,6535,bill history
11029,17,6607,bill history
11030,17,4927,bill history
11031,17,6608,bill history
11032,17,6579,bill history
11033,17,7007,bill history
11034,17,4660,bill history
11035,17,5792,bill history
11036,17,6452,bill history
11037,17,5269,bill history
11038,17,6772,bill history
11039,17,7054,bill history
11040,17,6782,bill history
11041,17,833,bill history
11042,17,1425,bill history
11043,17,2656,bill history
11044,17,2785,bill history
11045,17,4782,bill history
11046,17,4947,bill history
11047,17,5001,bill history
11048,17,5002,bill history
11049,17,5123,bill history
11050,17,5356,bill history
11051,17,5643,bill history
11052,17,6714,bill history
11053,17,6573,bill history
11054,17,6475,bill history
11055,17,6221,bill history
11056,17,6915,bill history
11057,17,6907,bill history
11058,17,64,bill history
11059,17,6578,bill history
11060,17,6603,bill history
11061,17,2708,bill history
11062,17,1875,bill history
11063,17,3188,bill history
11064,17,4946,bill history
11065,17,927,bill history
11066,17,3169,bill history
11067,17,3986,bill history
11068,17,4166,bill history
11069,17,5367,bill history
11070,17,6602,bill history
11071,17,6917,bill history
11072,17,6918,bill history
11073,17,6919,bill history
11074,17,6920,bill history
11075,17,6921,bill history
11076,17,6971,bill history
11077,17,7522,bill history
11078,17,990,bill history
11079,17,6031,bill history
11080,17,7778,bill history
11081,17,2849,bill history
11082,17,4274,bill history
11083,17,6389,bill history
11084,17,6619,bill history
11085,17,6711,bill history
11086,17,5160,bill history
11087,17,6742,bill history
11088,17,6203,bill history
11089,17,6314,bill history
11090,17,7175,bill history
11091,17,7176,bill history
11092,17,7177,bill history
11093,17,7178,bill history
11094,17,7240,bill history
11095,17,7241,bill history
11096,17,7242,bill history
11097,17,7243,bill history
11098,17,6995,bill history
11099,17,5349,bill history
11100,17,5202,bill history
11101,17,5259,bill history
11102,17,5881,bill history
11103,17,5880,bill history
11104,17,6114,bill history
11105,17,6155,bill history
11106,17,7503,bill history
11107,17,6521,bill history
11108,17,6551,bill history
11109,17,4136,bill history
11110,17,5635,bill history
11111,17,5716,bill history
11112,17,1926,bill history
11113,17,622,bill history
11114,17,705,bill history
11115,17,1928,bill history
11116,17,5173,bill history
11118,17,5262,bill history
11119,17,5552,bill history
11120,17,5553,bill history
11121,17,5566,bill history
11122,17,5688,bill history
11123,17,5691,bill history
11124,17,6160,bill history
11125,17,6689,bill history
11126,17,6780,bill history
11127,17,5000,bill history
11128,17,2483,bill history
11129,17,3710,bill history
11130,17,5641,bill history
11131,17,7191,bill history
11132,17,1865,bill history
11133,17,2131,bill history
11134,17,2484,bill history
11135,17,2692,bill history
11136,17,5551,bill history
11137,17,5689,bill history
11138,17,6178,bill history
11139,17,6418,bill history
11140,17,2097,bill history
11141,17,2129,bill history
11142,17,2130,bill history
11143,17,2132,bill history
11144,17,5172,bill history
11145,17,5563,bill history
11146,17,7044,bill history
11147,17,6311,bill history
11148,17,5777,bill history
11149,17,7387,bill history
11150,17,6202,bill history
11151,17,5556,bill history
11152,17,1924,bill history
11153,17,4065,bill history
11154,17,5568,bill history
11155,17,5627,bill history
11156,17,5953,bill history
11157,17,5955,bill history
11158,17,5992,bill history
11159,17,7179,bill history
11160,17,7180,bill history
11161,17,7388,bill history
11162,17,4765,bill history
11163,17,7544,bill history
11164,17,7525,bill history
11165,17,7402,bill history
11166,17,6617,bill history
11167,17,6294,bill history
11168,17,416,bill history
11169,17,5780,bill history
11170,17,6065,bill history
11171,17,7733,bill history
11172,17,7713,bill history
11173,17,7714,bill history
11174,17,7767,bill history
11175,17,7768,bill history
11176,17,7769,bill history
11177,17,7775,bill history
11178,17,7776,bill history
11179,17,7777,bill history
11180,17,5152,bill history
11181,17,6129,bill history
11182,17,5203,bill history
11183,17,5638,bill history
11184,17,5639,bill history
11185,17,6030,bill history
11186,17,6465,bill history
11187,17,6741,bill history
11188,17,7442,bill history
11189,17,6620,bill history
11190,17,7784,bill history
11191,17,4935,bill history
11192,17,7264,bill history
11193,17,5665,bill history
11194,17,5577,bill history
11195,17,639,bill history
11196,17,6740,bill history
11197,17,7166,bill history
11198,17,6331,bill history
11199,17,2158,bill history
11200,17,5236,bill history
11201,17,6775,bill history
11202,17,7652,bill history
11203,17,7735,bill history
11204,17,5559,bill history
11205,17,6165,bill history
11206,17,5576,bill history
11207,17,6604,bill history
11208,17,1955,bill history
11209,17,6724,bill history
11210,17,4113,bill history
11211,17,7742,bill history
11212,17,8302,bill history
11213,17,4814,bill history
11214,17,5615,bill history
11215,17,8636,bill history
11216,17,5640,bill history
11217,17,8648,bill history
11218,17,8249,bill history
11219,17,7753,bill history
11220,17,6715,bill history
11221,17,5161,bill history
11222,17,5675,bill history
11223,17,5784,bill history
11224,17,6130,bill history
11225,17,5565,bill history
11226,17,7385,bill history
11227,17,8110,bill history
11228,17,8014,bill history
11229,17,6938,bill history
11230,17,8139,bill history
11231,17,8078,bill history
11232,17,8374,bill history
11233,17,6618,bill history
11234,17,8417,bill history
11235,17,8419,bill history
11236,17,7206,bill history
11237,17,8741,bill history
11238,17,6167,bill history
11239,17,7436,bill history
11240,17,6169,bill history
11241,17,8528,bill history
11242,17,8382,bill history
11243,17,5162,bill history
11244,17,6315,bill history
11245,17,6316,bill history
11246,17,6707,bill history
11247,17,8380,bill history
11248,17,8381,bill history
11249,17,8529,bill history
11250,17,6621,bill history
11251,17,7355,bill history
11252,17,6170,bill history
11253,17,6708,bill history
11254,17,5371,bill history
11255,17,7005,bill history
11256,17,3297,bill history
11257,17,8511,bill history
11258,17,8693,bill history
11259,17,8055,bill history
11260,17,8169,bill history
11261,17,172,bill history
11262,17,8861,bill history
11263,17,398,bill history
11264,17,5947,bill history
11265,17,5948,bill history
11266,17,6105,bill history
11267,17,8096,bill history
11268,17,8187,bill history
11269,17,8684,bill history
11270,17,8735,bill history
11271,17,8736,bill history
11272,17,7811,bill history
11273,17,8435,bill history
11274,17,8426,bill history
11275,17,6512,bill history
11276,17,6319,bill history
11277,17,6979,bill history
11278,17,7103,bill history
11279,17,8628,bill history
11280,17,7230,bill history
11281,17,7550,bill history
11282,17,8006,bill history
11283,17,8730,bill history
11284,17,8799,bill history
11285,17,8629,bill history
11286,17,7063,bill history
11287,17,7065,bill history
11288,17,8449,bill history
11289,17,7362,bill history
11290,17,7812,bill history
11291,17,5811,bill history
11292,17,8719,bill history
11293,17,8715,bill history
11294,17,6513,bill history
11295,17,7786,bill history
11296,17,1341,bill history
11297,17,7363,bill history
11298,17,8248,bill history
11299,17,8908,bill history
11300,17,6166,bill history
11301,17,6754,bill history
11302,17,6914,bill history
11303,17,7199,bill history
11304,17,7260,bill history
11305,17,6382,bill history
11306,17,8212,bill history
11307,17,7310,bill history
11308,17,7548,bill history
11309,17,8084,bill history
11310,17,7773,bill history
11311,17,725,bill history
11312,17,8734,bill history
11313,17,8794,bill history
11314,17,8885,bill history
11315,17,8217,bill history
11316,17,5717,bill history
11317,17,7386,bill history
11318,17,7752,bill history
11319,17,8155,bill history
11320,17,8630,bill history
11321,17,8857,bill history
11322,17,5654,bill history
11323,17,7064,bill history
11324,17,8434,bill history
11325,17,7062,bill history
11326,17,7061,bill history
11327,17,7327,bill history
11328,17,5222,bill history
11329,17,7549,bill history
11330,17,7037,bill history
11331,17,7717,bill history
11332,17,7134,bill history
11333,17,8795,bill history
11334,17,8729,bill history
11335,17,8731,bill history
11336,17,8732,bill history
11337,17,8862,bill history
11338,17,7016,bill history
11339,17,5715,bill history
11340,17,6913,bill history
11341,17,7754,bill history
11342,17,8157,bill history
11343,17,5221,bill history
11344,17,5223,bill history
11345,17,7311,bill history
11346,17,8677,bill history
11347,17,7734,bill history
11348,17,8845,bill history
11349,17,3492,bill history
11350,17,8837,bill history
11351,17,5438,bill history
11352,17,6431,bill history
11353,17,8156,bill history
11354,17,8175,bill history
11355,17,8176,bill history
11356,17,8265,bill history
11357,17,8179,bill history
11358,17,3222,bill history
11359,17,8985,bill history
11360,17,8784,bill history
11361,17,6276,bill history
11362,17,335,bill history
11363,17,8541,bill history
11364,17,9051,bill history
11365,17,8441,bill history
11366,17,8237,bill history
11367,17,8266,bill history
11368,17,8268,bill history
11369,17,6283,bill history
11370,17,7856,bill history
11371,17,8869,bill history
11372,17,8833,bill history
11373,17,5060,bill history
11374,17,5562,bill history
11375,17,5564,bill history
11376,17,6690,bill history
11377,17,6820,bill history
11378,17,8698,bill history
11379,17,8699,bill history
11380,17,8902,bill history
11381,17,286,bill history
11382,17,652,bill history
11383,17,2433,bill history
11384,17,3443,bill history
11385,17,5906,bill history
11386,17,6580,bill history
11387,17,7365,bill history
11388,17,7367,bill history
11389,17,7405,bill history
11390,17,8876,bill history
11391,17,8877,bill history
11392,17,7785,bill history
11393,17,8912,bill history
11394,17,8654,bill history
11395,17,9080,bill history
11396,17,8370,bill history
11397,17,7491,bill history
11398,17,8844,bill history
11400,17,7484,bill history
11401,17,7500,bill history
11402,17,7987,bill history
11403,17,8230,bill history
11404,17,8953,bill history
11405,17,9044,bill history
11406,17,6758,bill history
11407,17,6798,bill history
11408,17,6799,bill history
11409,17,6800,bill history
11410,17,6317,bill history
11411,17,5557,bill history
11412,17,5558,bill history
11413,17,6168,bill history
11414,17,8177,bill history
11415,17,8264,bill history
11416,17,8269,bill history
11417,17,8632,bill history
11418,17,8633,bill history
11419,17,8634,bill history
11420,17,8667,bill history
11421,17,8668,bill history
11422,17,8670,bill history
11423,17,8846,bill history
11424,17,8847,bill history
11425,17,8848,bill history
11426,17,5111,bill history
11427,17,6326,bill history
11428,17,6687,bill history
11429,17,8420,bill history
11430,17,8437,bill history
11431,17,8438,bill history
11432,17,8439,bill history
11433,17,8442,bill history
11434,17,8443,bill history
11435,17,8445,bill history
11436,17,8580,bill history
11437,17,8581,bill history
11438,17,8887,bill history
11439,17,8281,bill history
11440,17,6024,bill history
11441,17,8835,bill history
11442,17,5260,bill history
11443,17,5687,bill history
11444,17,6688,bill history
11445,17,8696,bill history
11446,17,8700,bill history
11447,17,8786,bill history
11448,17,8682,bill history
11449,17,6710,bill history
11450,17,9043,bill history
11451,17,8444,bill history
11452,17,8872,bill history
11453,17,6524,bill history
11454,17,165,bill history
11455,17,8646,bill history
11456,17,8919,bill history
11457,17,8691,bill history
11458,17,684,bill history
11459,17,7309,bill history
11460,17,8112,bill history
11461,17,8697,bill history
11462,18,4933,bill history
11463,18,5477,bill history
11464,18,5437,bill history
11465,18,4228,bill history
11466,18,5712,bill history
11467,18,1026,bill history
11468,18,4611,bill history
11469,18,6616,bill history
11470,18,6312,bill history
11471,18,4961,bill history
11472,18,1477,bill history
11473,18,1799,bill history
11474,18,5871,bill history
11475,18,2998,bill history
11476,18,5829,bill history
11477,18,4581,bill history
11478,18,831,bill history
11479,18,6875,bill history
11480,18,6895,bill history
11481,18,4463,bill history
11482,18,4583,bill history
11483,18,1061,bill history
11484,18,1778,bill history
11485,18,5850,bill history
11486,18,5851,bill history
11487,18,5852,bill history
11488,18,5811,bill history
11489,18,5853,bill history
11490,18,5888,bill history
11491,18,4584,bill history
11492,18,4582,bill history
11493,18,5490,bill history
11494,18,6953,bill history
11495,18,2444,bill history
11496,18,6035,bill history
11497,18,6036,bill history
11498,18,6144,bill history
11499,18,6218,bill history
11500,18,6365,bill history
11501,18,6499,bill history
11502,18,5422,bill history
11503,18,6371,bill history
11504,18,6374,bill history
11505,18,6835,bill history
11506,18,7507,bill history
11507,18,6254,bill history
11508,18,6919,bill history
11509,18,6756,bill history
11510,18,6910,bill history
11511,18,6878,bill history
11512,18,5491,bill history
11513,18,6256,bill history
11514,18,6373,bill history
11515,18,6836,bill history
11516,18,7264,bill history
11517,18,7884,bill history
11518,18,7727,bill history
11519,18,8063,bill history
11520,18,6656,bill history
11521,18,7904,bill history
11522,18,4851,bill history
11523,18,6816,bill history
11524,18,8136,bill history
11525,18,8648,bill history
11526,18,1531,bill history
11527,18,5740,bill history
11528,18,5741,bill history
11529,18,5742,bill history
11530,18,5743,bill history
11531,18,5872,bill history
11532,18,1533,bill history
11533,18,6222,bill history
11534,18,4157,bill history
11535,18,5925,bill history
11536,18,5744,bill history
11537,18,7332,bill history
11538,18,7488,bill history
11539,18,7615,bill history
11540,18,7616,bill history
11541,18,8553,bill history
11542,18,8860,bill history
11543,18,8632,bill history
11544,18,6598,bill history
11545,18,7700,bill history
11546,18,6867,bill history
11547,18,7460,bill history
11548,18,8512,bill history
11549,18,8261,bill history
11550,18,6413,bill history
11551,18,4466,bill history
11552,18,8145,bill history
11553,18,8664,bill history
11554,18,7697,bill history
11555,18,8556,bill history
11556,18,2582,bill history
11557,18,5870,bill history
11558,18,6850,bill history
11559,18,6498,bill history
11560,18,6727,bill history
11561,18,6728,bill history
11562,18,6729,bill history
11563,18,6730,bill history
11564,18,6731,bill history
11565,18,6753,bill history
11566,18,6971,bill history
11567,18,6972,bill history
11568,18,7321,bill history
11569,18,7068,bill history
11570,18,8631,bill history
11571,18,9487,bill history
11572,18,8928,bill history
11573,18,7440,bill history
11574,18,7030,bill history
11575,18,6596,bill history
11576,18,6589,bill history
11577,18,6918,bill history
11578,18,7487,bill history
11579,18,7496,bill history
11580,18,7618,bill history
11581,18,8551,bill history
11582,18,8552,bill history
11583,18,8554,bill history
11584,18,6842,bill history
11585,18,6858,bill history
11586,18,7019,bill history
11587,18,7566,bill history
11588,18,6255,bill history
11589,18,7406,bill history
11590,18,5777,bill history
11591,18,10261,bill history
11592,18,9323,bill history
11593,18,10121,bill history
11594,18,8268,bill history
11595,18,59,bill history
11596,18,9943,bill history
11597,18,8164,bill history
11598,18,9950,bill history
11599,18,5306,bill history
11600,18,9422,bill history
11601,18,9423,bill history
11602,18,5889,bill history
11603,18,6467,bill history
11604,18,6491,bill history
11605,18,6492,bill history
11606,18,6585,bill history
11607,18,7355,bill history
11608,18,7499,bill history
11609,18,5855,bill history
11610,18,5890,bill history
11611,18,5891,bill history
11612,18,6227,bill history
11613,18,4954,bill history
11614,18,4955,bill history
11615,18,5328,bill history
11616,18,5363,bill history
11617,18,5364,bill history
11618,18,5365,bill history
11619,18,5367,bill history
11620,18,7769,bill history
11621,18,7992,bill history
11622,18,7993,bill history
11623,18,7994,bill history
11624,18,7995,bill history
11625,18,7996,bill history
11626,18,7997,bill history
11627,18,7998,bill history
11628,18,8132,bill history
11629,18,8237,bill history
11630,18,8238,bill history
11631,18,8239,bill history
11632,18,8240,bill history
11633,18,8814,bill history
11634,18,8996,bill history
11635,18,9913,bill history
11636,18,8384,bill history
11637,18,8555,bill history
11638,18,8320,bill history
11639,18,10153,bill history
11640,18,10373,bill history
11641,18,5832,bill history
11642,18,8998,bill history
11643,18,9087,bill history
11644,18,5644,bill history
11645,18,7927,bill history
11646,18,8203,bill history
11647,18,300,bill history
11648,18,7836,bill history
11649,18,8753,bill history
11650,18,8080,bill history
11652,18,9657,bill history
11653,18,9660,bill history
11654,18,10184,bill history
11655,18,10186,bill history
11656,18,10188,bill history
11658,18,10278,bill history
11659,18,78,bill history
11660,18,9376,bill history
11661,18,9659,bill history
11662,18,10187,bill history
11663,18,10279,bill history
11664,18,8741,bill history
11665,18,8873,bill history
11666,18,8901,bill history
11667,18,8973,bill history
11668,18,8977,bill history
11669,18,9272,bill history
11670,18,10152,bill history
11671,18,4751,bill history
11672,18,10281,bill history
11673,18,8755,bill history
11674,18,8871,bill history
11675,18,8872,bill history
11676,18,8911,bill history
11677,18,8913,bill history
11678,18,8970,bill history
11679,18,9424,bill history
11680,18,10122,bill history
11681,18,10192,bill history
11682,18,10442,bill history
11683,18,8207,act text
11684,18,9206,bill history
11685,18,9325,bill history
11686,18,9326,bill history
11687,18,9327,bill history
11688,18,9329,bill history
11689,18,8882,bill history
11690,18,8841,bill history
11691,18,9086,bill history
11692,18,861,bill history
11693,18,6152,bill history
11694,18,9518,bill history
11695,18,9520,bill history
11696,18,9925,bill history
11697,18,10213,act text
11698,18,9884,act text
11699,18,9182,bill history
11700,18,6149,act text
11701,18,9458,bill history
11702,18,7952,bill history
11703,18,8195,bill history
11704,18,8225,bill history
11705,18,8270,bill history
11706,18,3255,bill history
11707,18,7660,act text
11708,18,8930,bill history
11709,18,10521,bill history
11710,18,10185,bill history
11711,18,7808,bill history
11712,18,10701,bill history
11713,18,10301,bill history
11714,18,7771,bill history
11715,18,7971,bill history
11716,18,7974,bill history
11717,18,7975,bill history
11718,18,8227,bill history
11719,18,8228,bill history
11720,18,8606,bill history
11721,18,8668,bill history
11722,18,8892,bill history
11723,18,8893,bill history
11724,18,9073,bill history
11725,18,9074,bill history
11726,18,8133,bill history
11727,18,5682,bill history
11728,18,6333,bill history
11729,18,7651,bill history
11730,18,7669,bill history
11731,18,9801,bill history
11732,18,9307,bill history
11733,18,7724,bill history
11734,18,7544,bill history
11735,18,7547,bill history
11736,18,7691,bill history
11737,18,2659,bill history
11738,18,3133,bill history
11739,18,4560,bill history
11740,18,4773,bill history
11741,18,4786,bill history
11742,18,4938,bill history
11743,18,4956,bill history
11744,18,5277,bill history
11745,18,5420,bill history
11746,18,5453,bill history
11747,18,5519,bill history
11748,18,6664,bill history
11749,18,8034,bill history
11750,18,9056,bill history
11751,18,6877,bill history
11752,18,6969,bill history
11753,18,7692,bill history
11754,18,8131,bill history
11755,18,8188,bill history
11756,18,9528,bill history
11757,18,8862,bill history
11758,18,8877,bill history
11759,18,10194,bill history
11760,18,4700,bill history
11761,18,6066,bill history
11762,18,9658,bill history
11763,18,10292,bill history
11764,18,10345,bill history
11765,18,6768,bill history
11766,18,10610,bill history
11767,18,7679,bill history
11768,18,10698,bill history
11769,18,7070,bill history
11770,18,7770,bill history
11771,18,8287,bill history
11772,18,9607,bill history
11773,18,8861,bill history
11774,18,8975,bill history
11775,18,10196,bill history
11776,18,9933,bill history
11777,18,9937,bill history
11778,18,9941,bill history
11779,18,4959,bill history
11780,18,6975,bill history
11781,18,7687,bill history
11782,18,7693,bill history
11783,18,8111,bill history
11784,18,5738,bill history
11785,18,5739,bill history
11786,18,8985,bill history
11787,18,9075,bill history
11788,18,9180,bill history
11789,18,2106,bill history
11790,18,2590,bill history
11791,18,5882,bill history
11792,18,8236,bill history
11793,18,10190,bill history
11794,18,10290,bill history
11795,18,10293,bill history
11796,18,10326,bill history
11797,18,8147,bill history
11798,18,8224,bill history
11799,18,5944,bill history
11800,18,8040,bill history
11801,18,10182,bill history
11802,18,9347,bill history
11803,18,9971,bill history
11804,18,10021,bill history
11805,18,9308,bill history
11806,18,9488,bill history
11807,18,7435,bill history
11808,18,9935,bill history
11809,18,9936,bill history
11810,18,9938,bill history
11811,18,9940,bill history
11812,18,8899,bill history
11813,18,9451,bill history
11814,18,9452,bill history
11815,18,2674,bill history
11816,18,5017,bill history
11817,18,5153,bill history
11818,18,5680,bill history
11819,18,5881,bill history
11820,18,6169,bill history
11821,18,6440,bill history
11822,18,8130,bill history
11823,18,8653,bill history
11824,18,10291,bill history
11825,18,8380,bill history
11826,18,10001,bill history
11827,18,8148,bill history
11828,18,8221,bill history
11829,18,8971,bill history
11830,18,9438,bill history
11831,18,9439,bill history
11832,18,10123,bill history
11833,18,10124,bill history
11834,18,10125,bill history
11835,18,10169,bill history
11836,18,10183,bill history
11837,18,10193,bill history
11838,18,10197,bill history
11839,18,10211,bill history
11840,18,8818,act text
11841,18,8974,bill history
11842,18,9384,bill history
11843,18,10212,bill history
11844,18,8269,bill history
11845,18,8842,bill history
11846,18,10328,bill history
11847,18,9803,bill history
11848,18,4983,bill history
11849,18,94,bill history
11850,18,6535,bill history
11851,18,1611,bill history
11852,18,3286,bill history
11853,18,4597,bill history
11854,18,5488,bill history
11855,18,7537,bill history
11856,18,7841,bill history
11857,18,9150,bill history
11858,18,9179,bill history
11859,18,10283,bill history
11860,18,7879,bill history
11861,18,8097,act text
11862,18,10658,bill history
11863,18,7972,bill history
11864,18,7973,bill history
11865,18,8190,bill history
11866,18,8191,bill history
11867,18,8192,bill history
11868,18,8193,bill history
11869,18,8194,bill history
11870,18,8197,bill history
11871,18,8226,bill history
11872,18,8254,bill history
11873,18,8888,bill history
11874,18,8890,bill history
11875,18,9302,bill history
11876,18,9537,bill history
11877,18,9779,bill history
11878,18,9917,bill history
11879,18,10013,bill history
11880,18,10014,bill history
11881,18,10179,bill history
11882,18,10180,bill history
11883,18,10242,bill history
11884,18,10247,bill history
11885,18,10248,bill history
11886,18,10254,bill history
11887,18,10324,bill history
11888,18,10376,bill history
11889,18,10451,bill history
11890,18,10463,bill history
11891,18,10464,bill history
11892,18,10297,bill history
11893,18,8654,bill history
11894,18,10195,bill history
11895,18,9939,bill history
11896,18,6866,bill history
11897,18,6522,act text
11898,18,10696,act text
11899,18,10308,act text
11900,18,9007,bill history
11901,18,6134,act text
11902,18,7775,bill history
11903,18,10256,bill history
11904,18,10107,bill history
11905,18,9814,bill history
11906,18,9816,bill history
11907,18,10648,bill history
11910,18,9852,bill history
11911,18,9934,bill history
11912,18,9942,bill history
11918,18,10306,bill history
11919,18,4599,bill history
11920,18,9817,bill history
11921,18,9818,bill history
11922,18,9819,bill history
11923,18,9820,bill history
11924,18,10060,bill history
11925,18,10295,bill history
11929,18,10444,bill history
11930,18,10703,bill history
11931,18,8912,bill history
11932,18,9215,bill history
11933,18,9328,bill history
11934,19,14,bill history
11935,19,4673,bill history
11936,19,4488,bill history
11937,19,6224,bill history
11938,19,3968,bill history
11939,19,6517,bill history
11940,19,4635,bill history
11941,19,6660,bill history
11942,19,6661,bill history
11943,19,6668,bill history
11944,19,6669,bill history
11945,19,6697,bill history
11946,19,6700,bill history
11947,19,6663,bill history
11948,19,6664,bill history
11949,19,6665,bill history
11950,19,6695,bill history
11951,19,6696,bill history
11952,19,6699,bill history
11953,19,6336,bill history
11954,19,6608,bill history
11955,19,7185,bill history
11956,19,7909,bill history
11957,19,5961,act text
11958,19,7939,bill history
11959,19,7751,bill history
11960,19,1171,bill history
11961,19,5110,bill history
11962,19,8400,bill history
11963,19,7413,bill history
11964,19,7006,bill history
11965,19,227,bill history
11966,19,6527,bill history
11967,19,4,bill history
11968,19,6552,bill history
11969,19,6553,bill history
11970,19,6704,bill history
11971,19,7087,bill history
11972,19,7088,bill history
11974,19,7412,bill history
11975,19,8980,bill history
11976,19,4125,bill history
11977,19,6128,bill history
11978,19,7090,bill history
11979,19,7091,bill history
11980,19,7961,bill history
11981,19,8525,bill history
11982,19,7535,bill history
11983,19,6510,bill history
11984,19,6483,bill history
11985,19,8278,bill history
11986,19,4844,bill history
11987,19,606,bill history
11988,19,6688,bill history
11989,19,6694,bill history
11990,19,7126,bill history
11991,19,7234,bill history
11992,19,7508,bill history
11993,19,5819,bill history
11994,19,7577,bill history
11995,19,8443,bill history
11996,19,1270,bill history
11997,19,9682,bill history
11998,19,7645,bill history
12000,19,7355,bill history
12001,19,6558,bill history
12002,19,1043,bill history
12003,19,7539,bill history
12004,19,7768,bill history
12005,19,7769,bill history
12006,19,5001,act text
12007,19,8701,bill history
12008,19,8702,bill history
12009,19,9648,bill history
12010,19,7393,bill history
12011,19,9805,bill history
12012,19,7315,bill history
12013,19,8399,bill history
12014,19,7553,bill history
12015,19,8133,bill history
12016,19,7564,bill history
12017,19,6295,bill history
12018,19,8257,bill history
12019,19,10722,bill history
12020,19,9154,bill history
12021,19,7325,bill history
12022,19,3917,bill history
12023,19,4122,bill history
12024,19,9713,bill history
12025,19,6579,bill history
12026,19,8247,bill history
12027,19,6717,act text
12028,19,8210,bill history
12029,19,6580,bill history
12030,19,6581,bill history
12031,19,6582,bill history
12032,19,6583,bill history
12033,19,6584,bill history
12034,19,6585,bill history
12035,19,6586,bill history
12036,19,6587,bill history
12037,19,3971,bill history
12038,19,3974,bill history
12039,19,5826,bill history
12040,19,8484,bill history
12041,19,8494,bill history
12042,19,8970,bill history
12043,19,9556,bill history
12044,19,6588,bill history
12045,19,8248,bill history
12046,19,8249,bill history
12047,19,8250,bill history
12048,19,8251,bill history
12049,19,8252,bill history
12050,19,8253,bill history
12051,19,8255,bill history
12052,19,8256,bill history
12053,19,8258,bill history
12054,19,8260,bill history
12055,19,2725,bill history
12056,19,9335,bill history
12057,19,9128,bill history
12058,19,9296,bill history
12059,19,9593,bill history
12060,19,9891,bill history
12061,19,8292,bill history
12062,19,925,bill history
12063,19,6523,bill history
12064,19,7819,bill history
12065,19,9034,bill history
12066,19,9794,bill history
12067,19,3977,bill history
12068,19,8426,bill history
12069,19,8491,bill history
12070,19,8492,bill history
12071,19,9623,bill history
12072,19,9297,bill history
12073,19,7986,bill history
12074,19,6338,bill history
12075,19,7499,bill history
12076,19,7354,bill history
12077,19,9978,bill history
12078,19,10381,bill history
12079,19,7292,bill history
12080,19,6574,bill history
12081,19,9295,bill history
12082,19,9298,bill history
12083,19,9299,bill history
12084,19,9500,bill history
12085,19,9501,bill history
12086,19,9592,bill history
12087,19,9594,bill history
12088,19,9890,bill history
12089,19,10268,bill history
12090,19,10269,bill history
12091,19,10396,bill history
12092,19,10397,bill history
12093,19,10440,bill history
12094,19,10441,bill history
12095,19,10442,bill history
12096,19,10443,bill history
12097,19,694,bill history
12098,19,3961,bill history
12099,19,3963,bill history
12100,19,3964,bill history
12101,19,3966,bill history
12102,19,3970,bill history
12103,19,3978,bill history
12104,19,5830,bill history
12105,19,5843,bill history
12106,19,3092,bill history
12107,19,6337,bill history
12108,19,7296,bill history
12109,19,7300,bill history
12110,19,7502,bill history
12111,19,8122,bill history
12112,19,8483,bill history
12113,19,9624,bill history
12114,19,8254,bill history
12115,19,10048,bill history
12116,19,10800,bill history
12117,19,9656,bill history
12118,19,7316,bill history
12119,19,8700,bill history
12120,19,8456,bill history
12121,19,8259,bill history
12122,19,10841,bill history
12123,19,11144,bill history
12124,19,9015,bill history
12125,19,5911,bill history
12126,19,8186,bill history
12127,19,8281,bill history
12128,19,8282,bill history
12129,19,9048,bill history
12130,19,9469,bill history
12131,19,9626,bill history
12132,19,9627,bill history
12133,19,9649,bill history
12134,19,10835,bill history
12135,19,7514,bill history
12136,19,8152,bill history
12137,19,8279,bill history
12138,19,8280,bill history
12139,19,9049,bill history
12140,19,9468,bill history
12141,19,9758,bill history
12142,19,5847,bill history
12143,19,7008,bill history
12144,19,11072,bill history
12145,19,11199,bill history
12146,19,10926,bill history
12147,19,9988,bill history
12148,19,9989,bill history
12149,19,9869,bill history
12150,19,10085,bill history
12151,19,3401,bill history
12152,19,6556,bill history
12153,19,8283,bill history
12154,19,9047,bill history
12155,19,10779,bill history
12156,19,10781,bill history
12157,19,10838,bill history
12158,19,5827,bill history
12159,19,10726,bill history
12160,19,8925,bill history
12161,19,4275,bill history
12162,19,5659,bill history
12163,19,5731,bill history
12164,19,9651,bill history
12165,19,9654,bill history
12166,19,9655,bill history
12167,19,9664,bill history
12168,19,10776,bill history
12169,19,10778,bill history
12170,19,10784,bill history
12171,19,10785,bill history
12172,19,10837,bill history
12173,19,10839,bill history
12174,19,9571,bill history
12175,19,10306,bill history
12176,19,10445,bill history
12177,19,6509,bill history
12178,19,4896,bill history
12179,19,10592,act text
12180,19,10730,bill history
12181,19,10466,bill history
12182,19,10946,bill history
12183,19,8284,bill history
12184,19,9650,bill history
12185,19,9652,bill history
12186,19,9653,bill history
12187,19,9757,bill history
12188,19,10671,bill history
12189,19,10773,bill history
12190,19,10774,bill history
12191,19,10775,bill history
12192,19,10777,bill history
12193,19,10780,bill history
12194,19,10782,bill history
12195,19,10729,bill history
12196,19,10947,bill history
12197,19,10949,bill history
12198,19,10950,bill history
12199,19,10142,bill history
12200,19,5851,bill history
12201,19,8905,bill history
12202,19,10804,bill history
12203,19,10081,bill history
12204,19,10083,bill history
12205,19,10146,bill history
12206,19,10241,bill history
12207,19,10258,bill history
12208,19,10444,bill history
12209,19,11113,bill history
12210,19,10147,bill history
12211,19,8214,bill history
12212,19,10418,bill history
12213,19,10472,bill history
12214,19,9277,bill history
12215,19,11186,bill history
12216,19,10172,bill history
12217,19,5832,bill history
12218,19,5850,bill history
12219,19,6158,bill history
12220,19,7007,bill history
12221,19,10911,bill history
12222,19,10945,bill history
12223,19,10948,bill history
12224,19,5693,bill history
12225,19,7322,bill history
12226,19,7529,bill history
12227,19,8202,bill history
12228,19,10902,bill history
12229,19,7506,bill history
12230,19,7479,bill history
12231,19,7240,bill history
12232,19,11287,bill history
12233,19,11358,bill history
12234,19,6,act text
12235,19,10535,bill history
12236,19,5598,bill history
12237,19,8394,bill history
12238,19,9396,bill history
12239,19,9601,bill history
12240,19,11162,bill history
12241,19,9488,bill history
12242,19,9489,bill history
12243,19,9492,bill history
12244,19,9494,bill history
12245,19,9496,bill history
12246,19,3969,bill history
12247,19,5824,bill history
12248,19,5829,bill history
12249,19,5836,bill history
12250,19,5844,bill history
12251,19,5846,bill history
12252,19,10755,bill history
12253,19,8937,bill history
12254,19,7327,bill history
12255,19,10403,bill history
12256,19,11038,bill history
12257,19,11167,bill history
12258,19,11185,bill history
12259,19,11351,bill history
12260,19,10885,bill history
12261,19,11163,bill history
12262,19,11299,bill history
12263,19,11300,bill history
12264,19,11301,bill history
12265,19,11302,bill history
12266,19,9470,bill history
12267,19,9493,bill history
12269,19,5839,bill history
12270,19,5840,bill history
12271,19,5842,bill history
12272,19,5848,bill history
12273,19,5849,bill history
12274,19,5852,bill history
12275,19,6551,bill history
12276,19,9155,bill history
12277,19,10698,bill history
12278,19,11042,bill history
12279,19,5555,bill history
12280,19,6013,bill history
12281,19,11189,bill history
12282,19,9332,bill history
12283,19,10181,bill history
12284,19,10408,bill history
12285,19,10619,bill history
12286,19,10822,bill history
12287,19,10422,bill history
12288,19,10270,bill history
12304,19,9045,act text
12305,19,9293,act text
12308,19,11355,act text
12309,19,102,act text
12310,19,9726,act text
12312,19,10987,act text
12313,19,11543,act text
